"Name","Team","W","L","SV","QS","ERA","GS","G","IP","H","ER","HR","SO","BB","HBP","WHIP","K/9","BB/9","FIP","ADP","playerid"
"Jacob deGrom","NYM","16","8","0","15","2.80","32","32","199.0","143","62","21","279","57","6","1.01","12.63","2.60","2.71","4.3","10954"
"Edwin Diaz","NYM","3","2","0","0","2.91","0","63","63.0","44","20","7","97","23","3","1.07","13.93","3.28","2.76","70.4","14710"
"Josh Hader","MIL","3","2","0","0","2.62","0","66","66.0","39","19","8","105","26","3","0.99","14.27","3.57","2.84","56.7","14212"
"Liam Hendriks","CHW","3","2","0","0","3.19","0","68","68.0","54","24","8","97","20","2","1.08","12.84","2.59","2.89","53.5","3548"
"James Karinchak","CLE","3","2","0","0","2.90","0","64","64.0","41","21","7","106","33","3","1.15","14.91","4.58","2.92","101.5","20151"
"Shane Bieber","CLE","14","9","0","14","3.10","31","31","185.0","151","64","23","244","44","5","1.05","11.85","2.15","2.94","9.8","19427"
"Aroldis Chapman","NYY","4","2","0","0","2.90","0","63","63.0","43","20","6","93","28","3","1.14","13.30","4.05","2.97","64.5","10233"
"Devin Williams","MIL","3","2","0","0","3.03","0","65","65.0","45","22","6","94","31","3","1.18","13.05","4.35","3.11","184.9","15816"
"Taylor Rogers","MIN","3","2","0","0","3.37","0","64","64.0","58","24","6","72","17","3","1.17","10.12","2.36","3.12","209.2","13449"
"Nick Anderson","TBR","1","1","0","0","3.11","0","24","17.0","12","6","2","25","5","1","1.04","13.04","2.78","3.20","286.4","18337"
"Chris Sale","BOS","6","4","0","5","3.34","15","15","82.0","64","30","11","115","24","5","1.07","12.64","2.59","3.22","361.9","10603"
"Aaron Bummer","CHW","3","2","0","0","2.87","0","62","62.0","51","20","4","63","25","3","1.23","9.11","3.64","3.31","546.9","16258"
"Emmanuel Clase","CLE","3","2","0","0","3.22","0","60","60.0","51","21","6","62","18","3","1.16","9.25","2.70","3.36","489.4","21032"
"Dellin Betances","NYM","3","2","0","0","3.35","0","58","58.0","43","22","6","78","26","4","1.19","12.08","4.02","3.36","600.0","6216"
"Richard Lovelady","","2","1","0","0","3.26","0","40","39.0","35","14","3","35","12","1","1.22","8.19","2.79","3.37","999.0","19337"
"Andrew Chafin","CHC","3","2","0","0","3.26","0","62","62.0","50","22","5","72","25","3","1.22","10.42","3.64","3.37","999.0","12988"
"Joseph Palumbo","TEX","0","0","0","0","3.22","0","12","5.0","4","2","1","7","2","0","1.20","11.64","3.94","3.38","999.0","17035"
"Kenley Jansen","LAD","3","2","0","0","3.39","0","63","63.0","50","24","9","79","15","3","1.03","11.29","2.16","3.40","106.3","3096"
"Keone Kela","SDP","3","2","0","0","3.32","0","58","58.0","45","21","7","72","21","3","1.13","11.12","3.30","3.42","582.1","14696"
"Gerrit Cole","NYY","14","9","0","14","3.48","32","32","191.0","153","74","30","261","52","6","1.07","12.34","2.44","3.43","7.3","13125"
"Ryan Pressly","HOU","3","2","0","0","3.43","0","63","63.0","54","24","8","75","18","3","1.15","10.71","2.60","3.43","95.0","7005"
"Blake Snell","SDP","11","8","0","10","3.53","28","28","153.0","126","60","19","193","55","3","1.18","11.39","3.21","3.44","40.3","13543"
"Brandon Woodruff","MIL","12","9","0","12","3.33","31","31","171.0","141","63","21","198","48","8","1.10","10.37","2.50","3.44","32.0","16162"
"A.J. Puk","","7","6","0","3","3.26","13","59","128.0","99","46","13","156","52","5","1.18","10.96","3.67","3.44","412.0","19343"
"Cionel Perez","CIN","2","1","0","0","3.32","0","32","20.0","17","7","2","21","8","1","1.25","9.61","3.62","3.45","601.0","19614"
"Jake Diekman","OAK","3","2","0","0","3.09","0","67","67.0","49","23","5","86","36","4","1.27","11.52","4.85","3.46","462.9","5003"
"Walker Buehler","LAD","13","7","0","12","3.38","29","29","168.0","139","63","22","195","44","7","1.09","10.42","2.36","3.47","22.0","19374"
"Luis Severino","NYY","6","4","0","5","3.52","15","15","82.0","72","32","11","93","20","3","1.13","10.27","2.21","3.47","448.8","15890"
"Joely Rodriguez","TEX","2","2","0","0","3.45","0","58","58.0","49","22","5","70","26","3","1.29","10.83","3.97","3.48","586.9","11487"
"Tyler Glasnow","TBR","10","8","0","8","3.40","28","28","142.0","109","54","20","193","51","5","1.12","12.21","3.22","3.49","43.2","14374"
"Brusdar Graterol","LAD","3","1","0","0","3.19","0","52","41.0","35","14","3","38","13","2","1.16","8.33","2.78","3.52","549.8","20367"
"Austin Adams","SDP","2","1","0","0","3.30","0","34","32.0","21","12","3","48","21","2","1.34","13.65","5.92","3.52","600.3","13801"
"Jake McGee","SFG","3","2","0","0","3.55","0","63","63.0","53","25","8","75","19","2","1.15","10.71","2.74","3.52","267.0","7550"
"Brent Suter","MIL","3","2","0","0","3.44","0","64","64.0","56","24","8","70","16","3","1.12","9.80","2.20","3.52","573.3","13942"
"Max Scherzer","WSN","13","9","0","15","3.48","29","29","184.0","146","71","29","243","50","8","1.06","11.88","2.47","3.53","24.8","3137"
"Alex Reyes","STL","3","2","0","0","3.21","0","62","62.0","44","22","5","80","34","3","1.27","11.61","5.01","3.53","397.5","15015"
"Francis Martes","HOU","0","0","0","0","3.38","0","5","5.0","4","2","1","6","2","0","1.24","11.11","4.03","3.53","999.0","17303"
"Dinelson Lamet","SDP","8","7","0","8","3.56","23","23","121.0","95","48","16","160","45","6","1.16","11.90","3.34","3.54","113.5","17186"
"Jose Alvarado","PHI","3","2","0","0","3.27","0","58","58.0","48","21","5","64","26","2","1.28","9.86","4.08","3.54","496.1","17780"
"Victor Gonzalez","LAD","3","2","0","0","3.39","0","62","62.0","53","23","6","67","23","3","1.22","9.77","3.31","3.55","596.6","16408"
"Kevin Gausman","SFG","10","10","0","12","3.85","29","29","164.0","149","70","21","194","53","6","1.23","10.59","2.90","3.55","136.5","14107"
"Yu Darvish","SDP","12","9","0","13","3.57","31","31","176.0","141","70","24","222","57","8","1.12","11.33","2.91","3.56","16.5","13074"
"Brad Wieck","","1","1","0","0","3.56","0","34","30.0","23","12","4","43","15","2","1.26","12.91","4.54","3.57","999.0","16390"
"Corbin Burnes","MIL","8","8","0","7","3.56","26","26","125.0","102","49","16","157","47","6","1.19","11.29","3.41","3.58","52.6","19361"
"Dillon Maples","CHC","2","1","0","0","3.24","0","38","34.0","23","12","2","51","25","3","1.39","13.25","6.47","3.58","999.0","14672"
"A.J. Minter","ATL","3","2","0","0","3.57","0","60","60.0","51","24","7","69","22","2","1.23","10.41","3.37","3.58","572.5","18655"
"Craig Kimbrel","CHC","3","2","0","0","3.46","0","65","65.0","47","25","9","92","27","4","1.13","12.74","3.77","3.59","167.1","6655"
"Cody Stashak","MIN","3","2","0","0","3.65","0","58","58.0","50","24","8","66","14","2","1.11","10.25","2.24","3.60","601.0","18088"
"Aaron Nola","PHI","13","9","0","14","3.48","31","31","187.0","155","72","23","219","66","8","1.18","10.54","3.15","3.60","21.8","16149"
"Pierce Johnson","SDP","3","2","0","0","3.58","0","57","57.0","44","23","7","76","25","3","1.22","12.05","3.95","3.60","600.2","13435"
"Will Smith","ATL","3","2","0","0","3.53","0","64","64.0","53","25","9","81","21","2","1.15","11.38","2.89","3.61","161.9","8048"
"Jordan Hicks","STL","3","2","0","0","3.01","0","56","56.0","44","19","3","56","27","4","1.27","8.94","4.33","3.61","187.4","19618"
"Tyler Rogers","SFG","3","2","0","0","3.55","0","63","63.0","57","25","5","58","24","4","1.29","8.27","3.43","3.62","586.3","15541"
"Noah Syndergaard","NYM","6","5","0","6","3.85","16","16","89.0","82","38","10","90","25","3","1.20","9.11","2.51","3.62","325.7","11762"
"Brad Hand","WSN","3","2","0","0","3.66","0","64","64.0","55","26","9","81","19","4","1.16","11.33","2.70","3.64","105.0","9111"
"Jack Flaherty","STL","13","9","0","13","3.36","31","31","180.0","143","67","23","208","56","8","1.11","10.41","2.81","3.64","31.7","17479"
"Joakim Soria","ARI","3","2","0","0","3.77","0","62","62.0","56","26","8","68","19","3","1.21","9.90","2.70","3.64","281.9","6941"
"Mark Melancon","SDP","3","2","0","0","3.61","0","62","62.0","60","25","6","52","17","3","1.24","7.48","2.45","3.66","258.3","4264"
"Chad Green","NYY","4","2","0","0","3.94","0","64","64.0","58","28","10","82","18","3","1.18","11.59","2.49","3.66","514.1","15552"
"Trevor Rosenthal","OAK","3","2","0","0","3.49","0","62","62.0","47","24","6","84","37","4","1.35","12.26","5.33","3.67","102.7","10745"
"Garrett Crochet","CHW","3","2","0","0","3.34","0","53","49.0","40","18","5","52","17","2","1.18","9.62","3.21","3.67","999.0","27463"
"Blake Treinen","LAD","4","2","0","0","3.64","0","67","67.0","62","27","7","66","23","3","1.26","8.86","3.07","3.68","490.5","12572"
"Conner Menez","","1","0","0","0","3.67","0","12","10.0","8","4","1","12","5","1","1.33","11.02","4.65","3.68","999.0","19199"
"Chris Martin","ATL","3","2","0","0","3.87","0","65","65.0","63","28","10","69","13","3","1.17","9.62","1.82","3.69","335.7","11847"
"Corey Knebel","LAD","3","2","0","0","3.60","0","59","59.0","47","24","8","75","23","3","1.18","11.44","3.55","3.69","577.2","15010"
"Tim Hill","SDP","3","2","0","0","3.53","0","53","51.0","46","20","5","51","17","2","1.23","9.05","2.99","3.69","999.0","16814"
"Lance McCullers Jr.","HOU","10","8","0","10","3.59","26","26","147.0","128","59","16","160","55","8","1.25","9.78","3.39","3.69","113.4","14120"
"Diego Castillo","TBR","3","2","0","0","3.33","0","65","65.0","54","24","7","68","22","3","1.17","9.47","3.00","3.70","266.5","17496"
"Demarcus Evans","TEX","1","1","0","0","3.33","0","20","13.0","9","5","1","20","9","1","1.31","13.61","5.92","3.70","999.0","21087"
"Lou Trivino","OAK","3","2","0","0","3.59","0","62","62.0","53","25","6","65","23","3","1.24","9.42","3.36","3.71","597.0","15043"
"Phil Maton","CLE","3","2","0","0","3.74","0","58","58.0","50","24","8","71","21","3","1.21","10.96","3.20","3.71","600.3","18064"
"Clayton Kershaw","LAD","13","7","0","11","3.42","29","29","161.0","136","61","23","174","42","4","1.10","9.73","2.33","3.71","32.4","2036"
"Giovanny Gallegos","STL","3","2","0","0","3.63","0","63","63.0","53","25","10","78","17","2","1.11","11.14","2.47","3.71","270.0","14986"
"Zack Littell","SFG","1","1","0","0","3.90","0","14","12.0","11","5","1","12","5","1","1.31","9.11","3.44","3.72","999.0","15823"
"Tyler Duffey","MIN","3","2","0","0","3.89","0","62","62.0","58","27","9","70","17","3","1.20","10.21","2.44","3.72","580.5","13758"
"Rowan Wick","CHC","2","2","0","0","3.54","0","50","46.0","37","18","4","51","21","2","1.26","9.94","4.12","3.72","578.2","14646"
"Angel Perdomo","","3","1","0","0","3.35","0","52","45.0","31","17","5","62","26","3","1.29","12.48","5.31","3.72","999.0","17759"
"Josh James","HOU","2","1","0","0","3.63","0","45","40.0","31","16","4","53","21","3","1.30","12.07","4.74","3.73","600.5","16794"
"Luis Castillo","CIN","12","10","0","13","3.56","31","31","179.0","148","71","22","215","71","8","1.22","10.79","3.58","3.73","28.0","15689"
"Stephen Strasburg","WSN","11","9","0","13","3.70","28","28","169.0","146","70","24","200","52","8","1.17","10.61","2.78","3.73","69.0","10131"
"Tyler Phillips","TEX","0","0","0","0","3.76","0","5","5.0","5","2","1","5","1","0","1.19","8.45","2.12","3.73","999.0","sa875646"
"Freddy Peralta","MIL","8","8","0","4","3.61","18","58","143.0","111","57","19","184","58","7","1.18","11.60","3.64","3.74","261.2","18679"
"Alex Claudio","LAA","3","2","0","0","3.51","0","60","60.0","58","23","5","44","15","3","1.22","6.66","2.24","3.74","999.0","12890"
"Tommy Kahnle","LAD","0","0","0","0","3.71","0","5","5.0","4","2","1","6","2","0","1.23","11.58","3.65","3.74","999.0","11384"
"Stefan Crichton","ARI","3","2","0","0","4.01","0","63","63.0","61","28","7","62","21","3","1.30","8.82","3.01","3.75","339.7","16058"
"Jesus Luzardo","OAK","9","8","0","7","3.58","26","26","129.0","112","51","15","132","40","5","1.18","9.20","2.79","3.75","95.9","19959"
"John Brebbia","SFG","1","1","0","0","3.97","0","22","20.0","18","9","3","24","6","1","1.19","10.99","2.86","3.76","999.0","12777"
"Dennis Santana","","2","1","0","0","3.69","0","30","19.0","16","8","2","21","8","1","1.28","10.27","3.99","3.77","600.4","17878"
"Adam Kolarek","OAK","3","2","0","0","3.42","0","53","46.0","43","18","4","36","15","2","1.26","6.96","2.91","3.77","600.8","10843"
"Joe Musgrove","SDP","11","9","0","12","3.75","29","29","162.0","146","68","22","169","43","7","1.16","9.39","2.36","3.77","118.8","12970"
"Sean Poppen","","0","0","0","0","3.70","0","8","8.0","7","3","1","8","3","1","1.30","9.52","3.57","3.77","999.0","19583"
"Sam Selman","","2","2","0","0","3.51","0","50","48.0","35","19","4","63","30","3","1.36","11.89","5.67","3.77","999.0","13397"
"Archie Bradley","PHI","3","2","0","0","3.78","0","67","67.0","60","28","8","72","22","4","1.23","9.65","2.91","3.77","263.1","12918"
"David Bednar","PIT","2","2","0","0","3.68","0","58","58.0","49","24","7","67","23","3","1.25","10.34","3.59","3.77","592.2","19569"
"Shane McClanahan","","4","3","0","1","3.60","3","56","91.0","76","36","12","110","37","3","1.24","10.91","3.67","3.77","591.7","sa3008547"
"Darwinzon Hernandez","BOS","3","2","0","0","3.47","0","58","58.0","43","22","4","79","41","4","1.44","12.24","6.35","3.78","596.7","19848"
"Zack Britton","NYY","2","1","0","0","3.08","0","35","34.0","29","12","2","29","16","1","1.32","7.68","4.18","3.78","532.2","3240"
"Connor Brogdon","PHI","3","2","0","0","3.46","0","56","56.0","42","22","8","73","21","3","1.14","11.78","3.45","3.78","600.1","21205"
"Sixto Sanchez","","6","9","0","6","3.82","24","24","114.0","109","48","13","103","31","4","1.23","8.12","2.47","3.79","135.3","19680"
"Peter Fairbanks","TBR","3","2","0","0","3.65","0","67","67.0","56","27","9","83","27","3","1.24","11.11","3.67","3.80","349.5","17998"
"Dylan Floro","MIA","3","3","0","0","4.15","0","64","64.0","68","30","7","55","18","3","1.34","7.78","2.52","3.80","599.0","13394"
"Ryan Weathers","SDP","3","2","0","1","3.83","3","41","69.0","66","29","9","67","19","2","1.22","8.71","2.45","3.80","600.5","sa3008436"
"Seth Lugo","NYM","3","2","0","0","3.86","2","48","76.0","70","33","12","90","20","3","1.18","10.59","2.31","3.80","569.1","12447"
"Garrett Whitlock","BOS","2","1","0","0","3.91","0","42","40.0","37","17","4","41","15","2","1.32","9.12","3.47","3.80","999.0","sa3005306"
"Trevor Bauer","LAD","15","8","0","17","3.69","31","31","199.0","162","81","28","238","70","10","1.17","10.77","3.16","3.81","15.5","12703"
"Drew Pomeranz","SDP","3","2","0","0","3.56","0","56","56.0","44","22","7","72","26","2","1.25","11.50","4.18","3.82","240.8","11426"
"Raisel Iglesias","LAA","3","2","0","0","3.65","0","64","64.0","53","26","10","78","20","3","1.14","11.01","2.80","3.82","78.9","17130"
"Wander Suero","WSN","3","2","0","0","4.01","0","60","60.0","55","27","8","67","20","4","1.26","10.02","3.01","3.83","999.0","15855"
"Jace Fry","CHW","2","2","0","0","3.55","0","44","40.0","33","16","4","46","20","2","1.34","10.34","4.57","3.84","999.0","16159"
"Tanner Scott","BAL","3","2","0","0","3.62","0","65","65.0","54","26","6","77","37","3","1.40","10.65","5.15","3.84","387.6","17586"
"Trevor May","NYM","3","2","0","0","3.92","0","64","64.0","53","28","10","87","27","3","1.25","12.24","3.73","3.84","536.9","6398"
"Kevin Ginkel","ARI","3","2","0","0","3.89","0","60","60.0","51","26","8","74","23","3","1.23","11.07","3.47","3.84","598.2","19876"
"Matt Barnes","BOS","3","2","0","0","3.97","0","65","65.0","56","29","9","87","32","3","1.34","12.07","4.37","3.84","209.7","12863"
"Zac Gallen","ARI","8","8","0","8","3.85","23","23","125.0","108","53","17","138","42","5","1.21","9.99","3.05","3.84","76.1","19291"
"Matt Foster","CHW","3","2","0","0","3.59","0","56","56.0","47","22","8","63","18","2","1.15","10.10","2.88","3.85","999.0","19647"
"Matt Wisler","SFG","3","2","0","0","4.08","0","62","62.0","57","28","9","71","19","3","1.23","10.24","2.75","3.85","593.9","12804"
"Lucas Giolito","CHW","12","9","0","13","3.64","29","29","172.0","139","69","26","211","60","8","1.16","11.05","3.12","3.85","16.9","15474"
"Enoli Paredes","HOU","3","2","0","0","3.39","0","61","61.0","45","23","7","72","29","3","1.22","10.60","4.32","3.86","595.5","20447"
"Evan Marshall","CHW","3","2","0","0","3.88","0","60","60.0","56","26","7","63","21","3","1.29","9.41","3.21","3.86","599.5","12297"
"Kenta Maeda","MIN","10","9","0","10","3.81","29","29","150.0","129","64","22","173","49","6","1.18","10.34","2.95","3.87","47.0","18498"
"Tony Gonsolin","LAD","8","5","0","3","3.77","13","61","131.0","111","55","18","144","45","5","1.19","9.91","3.08","3.88","267.4","19388"
"Jean Mejia","","1","1","0","1","3.81","2","5","14.0","13","6","2","13","4","1","1.22","8.47","2.63","3.88","999.0","sa830122"
"Reyes Moronta","SFG","3","2","0","0","3.73","0","58","58.0","46","24","7","71","28","3","1.28","11.08","4.39","3.88","566.6","14966"
"Sam Howard","PIT","2","2","0","0","3.70","0","51","47.0","39","19","5","53","20","3","1.28","10.16","3.92","3.88","999.0","16265"
"Mike Soroka","ATL","9","7","0","8","3.79","24","24","128.0","124","54","14","104","34","6","1.24","7.30","2.40","3.88","187.1","18383"
"Genesis Cabrera","STL","2","2","0","0","3.47","0","50","46.0","35","18","5","52","21","2","1.24","10.27","4.18","3.90","600.5","17490"
"Emilio Pagan","SDP","4","2","0","0","3.68","0","63","63.0","51","26","10","74","16","2","1.08","10.59","2.35","3.90","324.0","14771"
"JoJo Romero","","2","1","0","0","3.63","0","40","31.0","28","13","3","30","13","1","1.31","8.64","3.60","3.90","999.0","19574"
"Tejay Antone","CIN","8","7","0","4","3.98","16","66","148.0","138","65","18","159","56","7","1.31","9.68","3.38","3.91","318.0","16233"
"Junior Fernandez","","1","1","0","0","3.48","0","18","14.0","11","5","1","14","6","1","1.28","9.54","4.27","3.91","999.0","18496"
"Pedro Strop","CHC","1","1","0","0","3.49","0","32","28.0","23","11","3","29","11","2","1.21","9.14","3.46","3.91","999.0","4070"
"Framber Valdez","HOU","6","5","0","7","3.78","16","16","93.0","85","39","10","96","37","5","1.32","9.29","3.61","3.91","287.7","17295"
"Adrian Morejon","SDP","5","4","0","3","3.84","10","30","74.0","66","31","10","79","25","3","1.23","9.67","3.07","3.91","548.0","20039"
"Dustin May","LAD","9","6","0","5","3.80","19","43","113.0","107","48","13","98","31","6","1.22","7.82","2.47","3.91","223.4","19716"
"Jose Berrios","MIN","11","9","0","12","3.81","29","29","164.0","146","69","22","167","48","9","1.19","9.14","2.65","3.92","79.9","14168"
"Pablo Lopez","MIA","8","11","0","10","3.85","28","28","147.0","137","63","18","138","44","8","1.23","8.48","2.69","3.93","130.5","17085"
"Michael Feliz","PIT","2","2","0","0","3.96","0","60","60.0","52","26","8","74","26","3","1.29","11.12","3.83","3.93","600.6","11903"
"Mychal Givens","COL","3","3","0","0","4.27","0","65","65.0","60","31","9","75","24","4","1.29","10.41","3.32","3.93","590.6","10430"
"Stephen Tarpley","NYM","1","0","0","0","3.66","0","14","11.0","9","4","1","12","5","1","1.34","9.70","4.35","3.93","999.0","15859"
"Brett Martin","TEX","2","2","0","0","4.11","0","48","41.0","41","19","4","39","16","1","1.38","8.46","3.42","3.94","999.0","17369"
"David Price","LAD","7","5","0","3","3.91","13","57","125.0","114","54","18","136","39","5","1.22","9.82","2.80","3.94","239.1","3184"
"Paul Fry","BAL","2","2","0","0","3.80","0","58","58.0","52","24","6","62","28","4","1.38","9.67","4.38","3.94","999.0","15832"
"Jacob Barnes","NYM","2","1","0","0","3.95","0","38","35.0","31","15","4","39","15","2","1.32","10.03","3.77","3.95","999.0","12323"
"Chris Paddack","SDP","8","7","0","8","3.83","23","23","120.0","109","51","18","124","29","5","1.15","9.31","2.17","3.95","102.6","20099"
"Drew Rasmussen","MIL","4","4","0","1","3.80","5","63","108.0","91","45","14","124","46","5","1.27","10.39","3.87","3.96","600.8","25385"
"Richard Rodriguez","PIT","2","2","0","0","3.73","0","65","65.0","55","27","10","75","20","3","1.16","10.41","2.73","3.96","197.4","13549"
"Trevor Gott","SFG","0","0","0","0","4.08","0","10","8.0","7","4","1","8","3","0","1.32","8.88","3.51","3.96","600.5","15046"
"Carlos Carrasco","NYM","8","7","0","9","3.96","21","21","120.0","107","53","19","141","40","5","1.22","10.54","2.98","3.97","143.4","6632"
"Zack Wheeler","PHI","12","9","0","14","3.87","29","29","178.0","171","77","22","162","49","8","1.23","8.20","2.46","3.97","99.3","10310"
"Sonny Gray","CIN","10","9","0","11","3.85","28","28","154.0","135","66","19","170","63","7","1.28","9.93","3.65","3.97","89.2","12768"
"Frankie Montas","OAK","9","9","0","11","3.94","26","26","146.0","133","64","20","151","47","5","1.24","9.34","2.93","3.97","164.1","14309"
"Patrick Murphy","TOR","1","0","0","0","4.01","0","10","2.0","2","1","0","2","1","0","1.38","9.42","3.98","3.98","999.0","19712"
"Riley Smith","ARI","1","1","0","0","4.07","0","22","16.0","15","7","2","15","5","1","1.30","8.62","3.06","3.98","999.0","19826"
"Eduard Bazardo","","0","0","0","0","4.08","0","3","3.0","3","1","0","3","1","0","1.22","10.42","2.75","3.98","999.0","sa873313"
"Daulton Jefferies","","3","3","0","2","3.77","6","30","56.0","50","23","8","55","15","2","1.15","8.85","2.36","3.98","522.1","19345"
"Brent Honeywell","","3","3","0","2","3.83","6","18","39.0","34","16","6","43","10","1","1.15","9.95","2.30","3.98","999.0","sa828706"
"J.P. Feyereisen","MIL","3","2","0","0","3.58","0","58","58.0","43","23","7","71","27","3","1.21","10.96","4.20","3.99","999.0","16610"
"Kyle Hendricks","CHC","11","10","0","13","3.78","29","29","169.0","157","71","22","140","35","7","1.14","7.44","1.87","3.99","78.8","12049"
"Eric Yardley","MIL","3","2","0","0","3.82","0","63","63.0","61","27","6","52","20","4","1.28","7.37","2.90","3.99","999.0","15538"
"Will Harris","WSN","1","1","0","0","3.95","0","28","22.0","21","10","3","22","6","1","1.24","8.88","2.48","3.99","600.8","3192"
"Kent Emanuel","HOU","1","1","0","0","4.00","0","25","20.0","19","9","2","19","7","1","1.32","8.65","3.15","3.99","999.0","sa549399"
"Anthony Misiewicz","SEA","3","2","0","0","3.84","0","62","62.0","56","26","8","65","21","2","1.25","9.37","3.12","4.00","600.8","18152"
"Alex Wood","SFG","6","8","0","5","4.04","18","36","109.0","106","49","14","100","32","5","1.27","8.28","2.66","4.00","572.5","13781"
"Chaz Roe","TBR","3","2","0","0","3.94","0","58","58.0","51","25","7","67","25","3","1.30","10.33","3.81","4.01","601.0","9866"
"Jonathan Holder","CHC","1","1","0","0","4.02","0","14","10.0","10","5","1","9","3","0","1.23","8.06","2.57","4.01","999.0","16588"
"Lance Lynn","CHW","12","10","0","15","3.91","31","31","187.0","166","81","29","210","59","8","1.20","10.10","2.84","4.02","55.0","2520"
"Dylan File","MIL","0","0","0","0","4.05","0","3","3.0","3","1","0","3","1","0","1.20","9.19","2.32","4.02","999.0","sa3004197"
"Bryan Abreu","HOU","2","1","0","0","3.58","0","30","25.0","18","10","3","34","15","2","1.32","12.38","5.40","4.02","600.9","16609"
"Max Fried","ATL","10","9","0","11","4.04","29","29","155.0","151","70","20","151","49","8","1.28","8.76","2.82","4.03","68.3","13743"
"Trevor Hildenberger","NYM","0","0","0","0","4.19","0","5","5.0","5","2","1","5","1","0","1.26","8.12","2.26","4.03","999.0","17002"
"Richard Bleier","MIA","3","2","0","0","4.01","0","59","59.0","64","26","6","39","12","3","1.28","5.96","1.87","4.03","999.0","7803"
"Michael King","NYY","3","2","0","1","3.89","3","33","56.0","53","24","8","54","15","3","1.21","8.69","2.46","4.03","600.9","19853"
"Trevor Stephan","CLE","2","2","0","0","4.11","0","46","41.0","36","19","6","49","16","3","1.28","10.79","3.57","4.03","999.0","sa918441"
"Samuel Clay","","0","0","0","0","3.87","0","4","4.0","4","2","0","4","3","0","1.54","9.29","5.87","4.03","999.0","sa828815"
"Deolis Guerra","OAK","0","0","0","0","3.75","0","3","3.0","3","1","0","3","1","0","1.19","9.81","3.11","4.04","999.0","8410"
"Joe Kelly","LAD","2","1","0","0","3.92","0","42","31.0","28","13","3","32","13","2","1.33","9.30","3.79","4.04","600.5","9761"
"Josh Sborz","TEX","2","2","0","0","4.04","0","58","58.0","50","26","7","67","26","3","1.32","10.41","4.10","4.04","600.5","18323"
"Ryan Borucki","TOR","3","2","0","0","3.95","0","58","58.0","53","25","7","59","23","2","1.31","9.15","3.51","4.05","600.8","16350"
"Mike Mayers","LAA","3","2","0","0","4.30","0","63","63.0","59","30","10","76","22","3","1.29","10.89","3.16","4.05","570.4","15451"
"Duane Underwood Jr.","PIT","2","2","0","0","3.90","0","44","40.0","35","17","5","44","16","2","1.29","10.06","3.70","4.05","999.0","14677"
"Aaron Loup","NYM","3","2","0","0","4.07","0","52","49.0","46","22","6","51","19","3","1.33","9.34","3.44","4.05","600.9","10343"
"Taylor Williams","SDP","1","0","0","0","4.04","0","14","12.0","10","5","1","13","5","1","1.31","9.90","3.72","4.05","601.0","14899"
"J.B. Wendelken","OAK","3","2","0","0","3.95","0","59","59.0","50","26","8","70","25","3","1.27","10.69","3.83","4.06","586.6","14506"
"Jose Alvarez","SFG","2","2","0","0","4.29","0","44","42.0","44","20","5","38","12","2","1.33","8.04","2.63","4.06","999.0","5358"
"Brandon Waddell","MIN","1","1","0","0","3.89","0","25","22.0","19","9","2","22","11","1","1.40","9.00","4.57","4.06","999.0","18347"
"Dominic Leone","SFG","1","1","0","0","4.25","0","16","14.0","13","7","2","16","5","1","1.30","10.32","3.46","4.06","999.0","13763"
"German Marquez","COL","9","12","0","11","4.55","31","31","164.0","175","83","24","160","43","7","1.33","8.77","2.37","4.06","197.2","15038"
"Andrew Kittredge","TBR","2","2","0","0","4.10","0","46","39.0","38","18","6","40","12","2","1.28","9.23","2.75","4.06","999.0","12828"
"Dan Altavilla","SDP","1","1","0","0","3.99","0","22","20.0","16","9","2","23","10","1","1.32","10.78","4.41","4.07","999.0","16507"
"Charlie Morton","ATL","11","9","0","11","3.98","29","29","161.0","145","71","22","173","55","12","1.24","9.67","3.05","4.07","110.8","4676"
"Jordan Romano","TOR","3","2","0","0","4.01","0","60","60.0","50","27","8","75","28","4","1.30","11.28","4.17","4.07","279.4","16122"
"Trevor Rogers","MIA","6","9","0","8","4.22","23","23","123.0","117","58","18","131","41","5","1.28","9.59","3.02","4.07","353.6","22286"
"Julio Urias","LAD","10","7","0","6","3.98","23","38","118.0","107","52","15","116","41","5","1.25","8.84","3.09","4.07","119.6","14765"
"MacKenzie Gore","SDP","5","5","0","4","3.93","15","15","72.0","63","31","11","75","23","3","1.20","9.44","2.85","4.07","999.0","sa3005068"
"Jeurys Familia","NYM","3","2","0","0","3.88","0","56","56.0","50","24","5","56","28","3","1.38","9.04","4.46","4.08","600.9","5114"
"Amir Garrett","CIN","3","2","0","0","3.86","0","63","63.0","52","27","9","78","29","3","1.28","11.11","4.09","4.08","201.0","14375"
"Andrew Miller","STL","3","2","0","0","3.64","0","63","63.0","53","25","8","67","24","4","1.21","9.58","3.39","4.08","593.2","6785"
"Marcus Stroman","NYM","11","9","0","12","3.89","28","28","163.0","157","70","18","139","58","6","1.32","7.68","3.20","4.09","189.4","13431"
"D.J. Johnson","CLE","0","0","0","0","4.29","0","3","3.0","3","1","0","4","1","0","1.40","10.55","4.20","4.09","999.0","12578"
"Hyun-Jin Ryu","TOR","11","9","0","11","4.07","29","29","156.0","154","70","24","151","39","5","1.24","8.72","2.25","4.09","68.8","14444"
"Scott Barlow","KCR","3","3","0","0","4.19","0","65","65.0","57","30","9","79","30","4","1.35","10.99","4.21","4.09","570.6","14993"
"Samuel McWilliams","NYM","1","1","0","0","4.04","0","21","18.0","17","8","2","17","7","1","1.32","8.52","3.39","4.09","999.0","sa829124"
"Edward Cabrera","MIA","2","3","0","1","4.14","5","30","57.0","52","26","7","62","24","3","1.33","9.77","3.76","4.09","999.0","sa920423"
"Ranger Suarez","PHI","2","2","0","1","3.85","2","35","49.0","47","21","6","42","16","2","1.29","7.71","2.99","4.10","999.0","17277"
"Craig Stammen","SDP","2","2","0","0","4.27","0","46","44.0","45","21","6","39","11","2","1.29","7.96","2.31","4.10","601.0","7274"
"Shohei Ohtani","LAA","6","6","0","6","3.90","18","18","95.0","78","41","13","114","44","4","1.29","10.88","4.23","4.11","154.1","19755"
"Joe Smith","HOU","3","2","0","0","3.84","0","57","57.0","52","24","8","56","16","3","1.19","8.84","2.45","4.11","600.7","3281"
"Ben Heller","ARI","0","0","0","0","4.07","0","8","8.0","7","4","1","10","4","0","1.31","10.71","4.19","4.12","999.0","15100"
"Joe Jimenez","DET","2","2","0","0","4.07","0","48","42.0","37","19","6","46","14","2","1.21","9.81","2.98","4.12","586.3","15761"
"Miguel Yajure","","3","4","0","2","3.98","8","18","48.0","46","21","6","42","15","2","1.27","7.80","2.81","4.12","600.3","21111"
"Sean Hjelle","SFG","1","2","0","1","4.27","5","5","24.0","25","11","3","18","7","1","1.35","6.76","2.61","4.12","999.0","sa3007989"
"Scott Oberg","COL","1","0","0","0","4.28","0","12","14.0","14","7","2","14","5","1","1.35","8.77","3.15","4.12","574.8","13911"
"Derek Law","MIN","1","1","0","0","4.34","0","28","25.0","24","12","3","25","9","1","1.36","9.06","3.47","4.12","999.0","13133"
"Michael Kopech","CHW","6","6","0","3","3.94","13","49","109.0","89","48","15","138","52","8","1.30","11.33","4.31","4.12","430.0","17282"
"Adam Ottavino","BOS","3","2","0","0","4.09","0","66","66.0","53","30","9","84","35","4","1.34","11.49","4.73","4.13","351.0","1247"
"Scott Alexander","LAD","1","1","0","0","3.79","0","24","13.0","12","5","1","10","5","1","1.38","7.22","3.71","4.13","999.0","10591"
"Patrick Sandoval","","2","2","0","1","4.03","3","17","33.0","30","15","4","33","13","1","1.33","9.00","3.57","4.13","596.8","19447"
"Tommy Hunter","NYM","0","0","0","0","4.11","0","6","6.0","6","3","1","6","2","0","1.22","8.39","2.29","4.14","999.0","1157"
"Victor Arano","ATL","0","0","0","0","4.10","0","4","4.0","4","2","1","4","1","0","1.20","9.51","2.44","4.14","999.0","15915"
"Joe Mantiply","ARI","1","1","0","0","4.23","0","14","8.0","8","4","1","7","2","0","1.31","7.89","2.86","4.14","999.0","14857"
"Kyle Crick","PIT","2","2","0","0","3.82","0","59","59.0","48","25","6","69","33","5","1.36","10.58","5.01","4.14","567.9","13182"
"Jason Adam","CHC","2","2","0","0","4.19","0","58","58.0","49","27","9","71","25","4","1.28","11.04","3.89","4.14","599.7","11861"
"Arodys Vizcaino","NYM","0","0","0","0","4.07","0","8","8.0","7","4","1","9","3","0","1.30","9.87","3.75","4.15","999.0","5498"
"Luis Avilan","WSN","2","2","0","0","4.19","0","50","44.0","41","20","6","48","18","2","1.36","9.78","3.79","4.15","999.0","2882"
"Randy Dobnak","MIN","7","7","0","4","4.04","15","51","119.0","121","54","13","84","33","5","1.29","6.33","2.51","4.15","529.5","23798"
"Logan Webb","SFG","7","9","0","8","4.24","24","24","122.0","122","58","14","105","42","6","1.34","7.73","3.10","4.15","482.0","17995"
"Wandy Peralta","SFG","2","1","0","0","4.09","0","36","34.0","33","15","4","30","14","2","1.37","7.91","3.65","4.15","999.0","14295"
"Greg Holland","KCR","3","2","0","0","3.96","0","58","58.0","50","26","7","63","28","3","1.34","9.70","4.31","4.16","210.8","7196"
"Josh Taylor","BOS","3","2","0","0","4.45","0","54","52.0","52","26","7","58","25","2","1.46","9.96","4.24","4.16","999.0","17359"
"Miguel Castro","NYM","3","2","0","0","3.75","0","62","62.0","50","26","8","69","29","3","1.27","10.07","4.22","4.16","999.0","15684"
"Bryse Wilson","","5","4","0","3","4.09","10","38","83.0","79","38","11","78","26","3","1.26","8.42","2.80","4.16","590.7","19990"
"Jon Duplantier","","2","2","0","1","4.18","2","24","35.0","32","16","4","37","17","2","1.39","9.44","4.40","4.16","999.0","19546"
"Ian Anderson","ATL","9","7","0","9","3.94","24","24","129.0","113","57","17","138","53","6","1.28","9.60","3.68","4.17","95.7","19951"
"Eduardo Rodriguez","BOS","11","9","0","13","4.08","28","28","166.0","154","75","24","174","62","6","1.29","9.41","3.33","4.17","222.1","13164"
"Ty Buttrey","","1","1","0","0","4.27","0","26","24.0","23","11","3","24","9","1","1.32","9.06","3.33","4.17","595.9","14719"
"Ryan Tepera","CHC","2","2","0","0","3.99","0","56","56.0","48","25","8","62","22","3","1.25","9.92","3.59","4.17","600.2","10291"
"Darren O'Day","NYY","4","2","0","0","3.89","0","62","62.0","51","27","11","78","22","4","1.17","11.36","3.18","4.17","600.2","3321"
"Jesse Hahn","KCR","3","2","0","0","4.14","0","56","56.0","52","26","6","54","27","3","1.40","8.74","4.27","4.17","598.6","13287"
"Justin Wilson","NYY","3","2","0","0","3.97","0","50","49.0","42","22","6","58","24","2","1.35","10.61","4.51","4.17","600.9","4301"
"Tyler Wells","BAL","1","1","0","0","3.82","0","34","30.0","24","13","5","35","12","1","1.19","10.55","3.47","4.18","999.0","sa918346"
"Daniel Castano","","1","2","0","1","4.19","2","22","36.0","37","17","4","26","10","1","1.33","6.62","2.59","4.18","999.0","19805"
"Cameron Hill","CLE","1","1","0","0","3.89","0","18","13.0","11","5","2","13","4","0","1.19","9.07","2.70","4.18","999.0","16840"
"Brandon Brennan","","1","1","0","0","4.07","0","20","19.0","17","8","2","20","8","1","1.36","9.49","3.97","4.19","999.0","13527"
"Luis Oviedo","PIT","1","1","0","0","3.96","0","33","29.0","26","13","4","29","12","2","1.30","9.13","3.60","4.19","999.0","sa917344"
"Tyler Alexander","DET","1","1","0","0","4.33","0","36","30.0","31","14","5","27","7","1","1.26","8.08","2.03","4.20","600.2","17735"
"Oliver Drake","TBR","1","1","0","0","4.05","0","28","21.0","19","9","3","22","8","1","1.28","9.65","3.24","4.20","999.0","8823"
"Beau Burrows","DET","1","1","0","0","4.11","0","25","19.0","17","9","2","19","8","1","1.31","8.98","3.85","4.20","999.0","18873"
"Zachery Brown","MIL","0","0","0","0","3.96","0","4","4.0","4","2","0","4","2","0","1.32","8.58","3.74","4.20","999.0","sa738901"
"Alex Colome","MIN","3","2","0","0","4.28","0","65","65.0","66","31","8","55","21","3","1.33","7.57","2.86","4.21","163.8","6661"
"Luke Weaver","ARI","7","9","0","9","4.45","24","24","129.0","128","64","20","129","40","5","1.30","9.03","2.77","4.21","519.5","16918"
"Hector Neris","PHI","3","2","0","0","4.07","0","65","65.0","57","29","11","79","23","4","1.23","10.93","3.19","4.21","268.6","11804"
"Joel Payamps","TOR","0","0","0","0","4.41","0","3","3.0","3","1","0","3","1","0","1.32","9.00","2.95","4.22","999.0","14332"
"Sean Manaea","OAK","9","9","0","9","3.92","28","28","141.0","130","61","20","126","40","6","1.20","8.06","2.56","4.23","251.1","15873"
"Caleb Thielbar","MIN","3","2","0","0","4.20","0","56","56.0","52","26","8","59","21","2","1.29","9.41","3.30","4.23","999.0","10078"
"Jorge Alcala","MIN","2","2","0","0","4.11","0","45","42.0","36","19","5","46","20","2","1.33","10.06","4.25","4.23","599.8","19459"
"Cole Irvin","OAK","2","2","0","1","4.01","3","33","51.0","49","23","6","39","14","2","1.25","6.91","2.51","4.23","596.3","19244"
"Daniel Norris","DET","4","5","0","1","4.34","5","65","110.0","107","53","15","108","40","4","1.33","8.78","3.27","4.23","599.7","13475"
"Chris Devenski","ARI","2","2","0","0","4.48","0","52","46.0","44","23","7","48","13","2","1.26","9.38","2.61","4.23","600.0","12763"
"Robert Gsellman","NYM","2","1","0","0","4.39","0","34","31.0","32","15","4","26","11","2","1.37","7.58","3.09","4.24","999.0","13696"
"Cam Bedrosian","CIN","2","1","0","0","4.35","0","44","32.0","31","15","4","31","11","1","1.34","8.78","3.19","4.24","600.9","13360"
"Geoff Hartlieb","","1","2","0","0","4.07","0","42","38.0","36","17","4","34","16","2","1.38","8.18","3.87","4.24","999.0","19558"
"Reymin Guduan","OAK","0","0","0","0","4.19","0","4","4.0","4","2","0","4","2","0","1.47","9.71","5.03","4.24","999.0","13058"
"Triston McKenzie","CLE","9","9","0","6","3.96","23","37","123.0","106","54","21","137","39","5","1.18","10.06","2.88","4.24","202.5","18000"
"Collin McHugh","TBR","3","3","0","1","4.20","2","62","96.0","90","45","15","104","33","5","1.27","9.72","3.10","4.24","598.9","7531"
"Corey Oswalt","NYM","0","0","0","0","4.29","0","3","3.0","3","1","0","3","1","0","1.33","8.95","3.28","4.24","999.0","13677"
"Matt Strahm","SDP","2","2","0","0","4.01","0","44","42.0","37","19","7","44","12","2","1.19","9.45","2.68","4.24","600.9","13799"
"Blake Taylor","HOU","3","2","0","0","3.64","0","64","64.0","51","26","6","66","39","3","1.41","9.32","5.45","4.25","600.7","16418"
"Ryan Helsley","STL","3","2","0","0","3.82","0","58","58.0","48","25","7","60","28","3","1.30","9.26","4.29","4.25","600.8","18138"
"Sean Doolittle","CIN","3","2","0","0","3.96","0","58","58.0","51","26","11","64","13","2","1.11","9.87","2.09","4.25","576.3","1581"
"Phillip Diehl","COL","1","1","0","0","4.48","0","18","20.0","20","10","3","21","7","1","1.35","9.58","3.27","4.25","999.0","20030"
"James Paxton","SEA","8","9","0","10","4.06","24","24","138.0","123","62","23","152","47","3","1.23","9.91","3.04","4.25","211.7","11828"
"Ryan Thompson","TBR","3","2","0","0","4.08","0","64","64.0","62","29","9","57","20","3","1.28","8.05","2.77","4.26","999.0","16647"
"Sergio Romo","OAK","3","2","0","0","4.00","0","63","63.0","55","28","10","67","20","3","1.19","9.58","2.83","4.26","595.6","9817"
"Jimmy Nelson","LAD","4","2","0","1","4.33","3","51","84.0","78","40","11","88","34","6","1.34","9.44","3.66","4.26","597.4","10547"
"Nabil Crismatt","SDP","1","0","0","0","4.29","0","10","8.0","7","4","1","8","3","0","1.28","10.09","3.20","4.27","999.0","17732"
"Brad Brach","KCR","0","0","0","0","4.30","0","4","4.0","4","2","1","4","2","0","1.37","9.09","3.88","4.28","999.0","6627"
"Sean Newcomb","ATL","2","1","0","0","3.95","0","35","31.0","26","13","3","32","16","2","1.39","9.28","4.76","4.28","999.0","16943"
"Jameson Taillon","NYY","8","7","0","9","4.29","23","23","124.0","123","59","19","114","32","5","1.25","8.24","2.29","4.28","190.0","11674"
"Jake Newberry","","1","1","0","0","4.22","0","25","24.0","22","11","3","24","10","1","1.33","9.01","3.71","4.28","999.0","15136"
"Chris Flexen","SEA","5","7","0","4","4.19","15","29","89.0","83","42","14","93","31","3","1.28","9.38","3.12","4.28","583.4","13896"
"Blake Parker","CLE","1","1","0","0","4.21","0","20","15.0","13","7","3","17","5","1","1.22","10.38","2.83","4.28","999.0","5224"
"Tim Mayza","TOR","2","1","0","0","4.42","0","42","34.0","33","17","5","37","15","1","1.43","9.82","4.09","4.28","999.0","15042"
"Yimi Garcia","MIA","3","3","0","0","4.05","0","63","63.0","56","28","12","69","16","3","1.14","9.85","2.24","4.29","446.7","12095"
"Oliver Perez","CLE","2","2","0","0","4.24","0","52","47.0","45","22","7","46","15","2","1.28","8.81","2.84","4.29","999.0","1514"
"Evan Kruczynski","STL","0","0","0","0","4.03","0","4","4.0","4","2","1","4","2","0","1.32","8.53","3.58","4.29","999.0","sa3004341"
"Jake Odorizzi","HOU","10","8","0","10","4.03","26","26","145.0","122","65","23","162","56","5","1.23","10.11","3.48","4.30","277.3","6397"
"Gregory Soto","DET","3","2","0","0","4.19","0","65","65.0","57","30","6","67","40","3","1.51","9.29","5.59","4.31","405.8","19677"
"Taylor Hearn","TEX","4","4","0","1","4.08","5","69","116.0","98","53","17","139","56","5","1.33","10.75","4.33","4.31","600.2","18325"
"Lewis Thorpe","","4","3","0","1","4.39","5","43","79.0","76","38","12","79","28","3","1.33","9.04","3.25","4.31","999.0","15906"
"Anthony Castro","TOR","1","0","0","0","4.19","0","14","6.0","5","3","1","7","3","0","1.43","9.97","4.92","4.31","999.0","19789"
"Ian Gibaut","MIN","1","1","0","0","4.19","0","18","15.0","13","7","2","16","7","1","1.35","10.10","4.39","4.31","999.0","17871"
"Sal Romano","CIN","2","1","0","0","4.62","0","38","26.0","27","13","4","24","9","1","1.40","8.45","3.21","4.31","999.0","13690"
"Kyle Zimmer","KCR","2","2","0","0","4.34","0","55","54.0","50","26","7","58","25","3","1.39","9.75","4.24","4.31","601.0","14169"
"Drew Steckenrider","SEA","2","1","0","0","3.94","0","38","37.0","30","16","5","43","17","2","1.28","10.60","4.19","4.32","999.0","18806"
"Jordan Montgomery","NYY","8","7","0","7","4.16","24","24","118.0","112","55","19","120","39","3","1.27","9.11","2.95","4.32","229.6","16511"
"Ralph Garza Jr.","HOU","0","0","0","0","4.12","0","5","5.0","4","2","1","6","2","0","1.33","9.97","4.12","4.33","999.0","sa875812"
"Luke Jackson","ATL","2","2","0","0","4.45","0","50","46.0","45","23","6","45","18","3","1.40","8.95","3.64","4.33","600.5","11752"
"Jeffrey Springs","TBR","1","1","0","0","4.25","0","32","25.0","22","12","4","30","11","1","1.32","10.79","3.82","4.33","999.0","17677"
"Patrick Corbin","WSN","11","11","0","15","4.37","31","31","184.0","181","89","29","186","63","6","1.33","9.07","3.08","4.33","135.8","9323"
"Erik Swanson","","1","1","0","0","4.08","0","36","35.0","31","16","6","36","10","1","1.20","9.43","2.66","4.34","999.0","16587"
"Tanner Rainey","WSN","3","2","0","0","4.07","0","62","62.0","47","28","9","90","41","4","1.42","13.01","5.96","4.34","498.2","17610"
"Miles Mikolas","STL","6","6","0","7","4.12","18","18","101.0","101","46","15","78","21","5","1.21","6.94","1.88","4.34","549.9","9803"
"Spencer Turnbull","DET","6","9","0","9","4.46","23","23","123.0","120","61","15","112","49","7","1.37","8.18","3.60","4.35","491.5","16207"
"Nick Wittgren","CLE","3","2","0","0","4.42","0","66","66.0","65","32","12","70","20","3","1.28","9.60","2.70","4.35","386.8","15594"
"Michael Lorenzen","CIN","8","8","0","5","4.30","18","60","146.0","140","69","20","139","55","8","1.34","8.62","3.39","4.35","539.1","14843"
"Caleb Baragar","SFG","1","1","0","0","4.15","0","28","26.0","23","12","4","28","11","1","1.29","9.57","3.75","4.35","999.0","19231"
"Austin Brice","BOS","2","2","0","0","4.38","0","46","44.0","42","21","7","48","15","3","1.30","9.77","3.12","4.35","999.0","17237"
"Cal Quantrill","CLE","7","7","0","4","4.44","16","51","121.0","120","60","18","114","38","5","1.31","8.52","2.86","4.35","528.9","19312"
"Alexander Wells","BAL","0","0","0","0","4.05","0","6","6.0","6","3","1","5","1","0","1.17","7.93","1.83","4.37","999.0","sa919319"
"Michael Pineda","MIN","9","10","0","10","4.51","28","28","149.0","150","74","25","142","40","5","1.28","8.60","2.42","4.37","238.1","5372"
"Justin Topa","MIL","1","1","0","0","4.53","0","28","21.0","21","10","3","21","7","1","1.33","8.96","2.96","4.37","600.8","15145"
"Sean Reid-Foley","NYM","0","0","0","0","4.12","0","4","4.0","3","2","1","5","2","0","1.39","10.84","5.04","4.37","999.0","17034"
"Wade Davis","KCR","2","2","0","0","4.44","0","53","52.0","49","26","7","50","22","3","1.37","8.68","3.75","4.37","600.9","7441"
"Chasen Shreve","PIT","1","1","0","0","4.04","0","28","24.0","20","11","4","28","11","1","1.31","10.54","4.20","4.37","999.0","10855"
"Carlos Sanabria","KCR","0","0","0","0","4.28","0","6","6.0","5","3","1","7","3","0","1.36","10.00","4.32","4.37","999.0","16634"
"Edgar Santana","","1","1","0","0","4.31","0","25","21.0","21","10","3","18","6","1","1.30","7.86","2.61","4.37","999.0","17355"
"Kyle Ryan","CHC","1","1","0","0","4.08","0","18","14.0","13","6","2","12","6","1","1.37","7.85","3.97","4.38","999.0","11753"
"Tony Watson","LAA","2","2","0","0","4.01","0","44","42.0","41","19","7","35","10","2","1.19","7.46","2.05","4.38","599.7","3132"
"Carlos Martinez","STL","9","8","0","10","3.96","24","24","137.0","125","60","17","118","51","8","1.28","7.78","3.33","4.38","422.4","11682"
"David Phelps","TOR","3","2","0","0","4.45","0","64","64.0","60","32","11","78","26","3","1.35","11.01","3.70","4.38","600.3","6316"
"Tyler Clippard","ARI","2","1","0","0","4.13","0","34","28.0","23","13","5","30","9","1","1.18","9.76","3.05","4.38","600.1","5640"
"Tyler Matzek","ATL","3","2","0","0","4.18","0","58","58.0","49","27","6","68","37","3","1.48","10.62","5.76","4.38","595.4","10058"
"Jimmy Lambert","CHW","1","0","0","0","4.41","0","12","8.0","7","4","1","9","3","0","1.33","10.39","3.50","4.39","999.0","19541"
"Chris Stratton","PIT","2","3","0","0","4.56","0","64","64.0","64","32","9","64","26","3","1.41","9.05","3.63","4.39","599.9","13761"
"Shaun Anderson","","1","1","0","1","4.46","2","16","26.0","26","13","4","23","9","1","1.35","8.04","3.20","4.39","999.0","19453"
"Zack Greinke","HOU","11","10","0","13","4.11","31","31","175.0","167","80","31","158","37","4","1.17","8.12","1.92","4.40","101.9","1943"
"Brad Keller","KCR","10","10","0","13","4.27","28","28","163.0","167","77","17","114","61","7","1.40","6.30","3.39","4.40","368.9","15734"
"Luis Patino","","5","5","0","3","4.06","11","27","68.0","60","31","10","69","25","3","1.26","9.14","3.38","4.40","560.8","22815"
"Mitch Keller","PIT","6","10","0","9","4.32","24","24","127.0","121","61","17","122","50","7","1.35","8.63","3.57","4.40","421.0","17594"
"Carlos Estevez","COL","2","2","0","0","4.82","0","55","57.0","58","30","9","61","21","3","1.40","9.60","3.39","4.40","999.0","14542"
"Brady Singer","KCR","7","9","0","8","4.46","24","24","126.0","129","62","17","105","41","6","1.35","7.52","2.92","4.40","252.5","25377"
"David Robertson","","2","2","0","0","4.16","0","38","37.0","32","17","6","41","16","2","1.31","10.00","4.01","4.40","600.9","8241"
"Jonathan Loaisiga","NYY","4","2","0","0","4.28","0","64","64.0","60","30","11","69","19","3","1.25","9.68","2.73","4.41","593.1","19753"
"Lucas Sims","CIN","3","2","0","0","4.24","0","63","63.0","52","30","11","82","30","5","1.29","11.77","4.23","4.41","437.4","13470"
"Adam Cimber","MIA","2","2","0","0","4.32","0","53","51.0","53","24","7","37","13","3","1.30","6.59","2.34","4.41","999.0","15288"
"John Curtiss","MIA","2","2","0","0","4.33","0","56","56.0","50","27","8","62","26","3","1.36","9.94","4.25","4.41","597.8","16128"
"Chris Bassitt","OAK","10","10","0","12","4.12","29","29","165.0","152","76","24","151","56","10","1.26","8.23","3.04","4.41","189.3","12304"
"Nicholas Lodolo","CIN","2","2","0","2","4.45","6","6","30.0","29","15","5","31","11","1","1.33","9.25","3.22","4.42","999.0","sa917947"
"Jonathan Brubaker","PIT","6","10","0","5","4.35","21","42","125.0","122","60","17","115","46","8","1.34","8.29","3.32","4.42","547.2","17578"
"Juan Minaya","MIN","0","0","0","0","4.71","0","6","6.0","6","3","1","6","3","0","1.41","9.63","4.06","4.42","999.0","10341"
"Zach Eflin","PHI","10","10","0","11","4.24","29","29","158.0","151","74","26","150","44","7","1.24","8.52","2.51","4.42","185.9","13774"
"Alex Young","ARI","2","3","0","1","4.41","3","33","51.0","49","25","7","48","19","2","1.34","8.39","3.42","4.43","600.7","18333"
"Steve Cishek","LAA","2","2","0","0","4.09","0","48","46.0","41","21","7","46","18","3","1.28","8.91","3.52","4.43","600.6","6483"
"Drew Smyly","ATL","9","8","0","10","4.31","24","24","135.0","117","65","24","163","56","4","1.28","10.84","3.72","4.43","243.6","11760"
"Sandy Alcantara","MIA","9","12","0","13","4.30","29","29","167.0","159","80","21","145","64","9","1.34","7.80","3.44","4.43","131.7","18684"
"Kolby Allard","TEX","2","3","0","2","4.43","6","24","48.0","47","23","7","43","18","2","1.37","8.18","3.40","4.43","600.6","18694"
"Zach Plesac","CLE","10","10","0","11","4.21","28","28","156.0","146","73","26","148","45","6","1.22","8.53","2.58","4.43","86.5","19979"
"Ian Krol","DET","1","1","0","0","4.51","0","28","22.0","21","11","3","22","9","1","1.40","9.04","3.79","4.44","999.0","10066"
"Elieser Hernandez","MIA","7","10","0","9","4.28","26","26","138.0","126","66","25","149","42","8","1.22","9.68","2.76","4.44","221.5","16933"
"Dane Dunning","TEX","6","9","0","7","4.32","23","23","116.0","111","56","17","112","42","6","1.32","8.65","3.25","4.44","365.0","19409"
"Tyler Webb","STL","3","2","0","0","4.09","0","59","59.0","54","27","9","57","21","2","1.27","8.67","3.18","4.44","999.0","14974"
"Matt Andriese","BOS","3","3","0","0","4.64","0","67","67.0","68","35","12","71","22","3","1.34","9.51","3.00","4.44","599.7","12022"
"Adrian Houser","MIL","7","8","0","7","4.35","24","24","119.0","118","57","16","102","40","7","1.33","7.71","3.03","4.45","552.0","12718"
"Matthew Manning","DET","2","3","0","2","4.47","8","8","39.0","38","19","6","36","15","2","1.34","8.30","3.34","4.45","999.0","sa917924"
"Spencer Howard","","5","6","0","3","4.38","13","38","89.0","84","43","14","92","32","4","1.31","9.35","3.27","4.45","999.0","23252"
"Jasseel De La Cruz","","0","0","0","0","4.04","0","8","8.0","7","4","1","8","4","1","1.35","9.29","4.47","4.46","999.0","sa879559"
"Chris Archer","TBR","8","8","0","11","4.36","24","24","138.0","127","67","25","161","54","5","1.31","10.48","3.50","4.46","488.0","6345"
"Marco Gonzales","SEA","9","11","0","13","4.26","29","29","170.0","170","80","27","139","44","6","1.26","7.38","2.31","4.46","184.0","15467"
"Jarlin Garcia","SFG","2","2","0","0","4.29","0","55","53.0","50","25","8","48","19","2","1.31","8.14","3.23","4.46","600.6","18282"
"Anthony Bass","MIA","3","3","0","0","4.39","0","63","63.0","62","31","9","57","24","3","1.36","8.13","3.36","4.46","235.2","7982"
"Jhoan Duran","","1","1","0","1","4.42","3","3","14.0","14","7","2","13","5","1","1.35","8.37","3.40","4.46","600.1","sa873347"
"Pedro Baez","HOU","3","2","0","0","3.98","0","60","60.0","50","27","10","61","22","3","1.21","9.18","3.32","4.47","598.0","5420"
"John Gant","STL","5","5","0","3","4.31","10","45","93.0","88","45","12","87","41","4","1.38","8.40","3.99","4.47","579.9","13684"
"Nathan Eovaldi","BOS","8","9","0","9","4.54","26","26","132.0","131","67","22","137","49","5","1.36","9.32","3.31","4.47","260.3","9132"
"Ryan Yarbrough","TBR","9","10","0","10","4.27","28","28","147.0","146","70","24","124","33","7","1.22","7.58","2.03","4.47","262.2","16502"
"James Hoyt","","1","1","0","0","4.57","0","31","29.0","27","15","5","36","13","2","1.36","11.17","3.98","4.47","600.8","14605"
"Kyle Finnegan","WSN","3","2","0","0","4.39","0","58","58.0","54","28","9","65","26","3","1.37","10.11","3.96","4.47","999.0","15009"
"Phillips Valdez","BOS","2","2","0","0","4.54","0","40","38.0","38","19","5","35","17","3","1.44","8.27","4.04","4.48","999.0","15605"
"Brandon Kintzler","PHI","3","2","0","0","4.35","0","62","62.0","65","30","9","48","17","3","1.32","6.92","2.46","4.48","545.0","9939"
"Clay Holmes","PIT","0","0","0","0","4.03","0","11","7.0","6","3","1","7","4","1","1.52","8.98","5.77","4.48","999.0","13649"
"Jay Jackson","SFG","0","0","0","0","5.01","0","6","6.0","6","3","1","8","3","0","1.48","11.42","4.53","4.48","999.0","7432"
"Kendall Graveman","SEA","3","2","0","0","4.22","0","63","63.0","63","30","9","51","19","3","1.30","7.30","2.74","4.48","594.4","15514"
"Jonathan Hernandez","TEX","1","1","0","0","4.32","0","18","11.0","10","5","2","13","6","1","1.39","9.94","4.39","4.49","563.2","17464"
"Bryan Garcia","DET","3","2","0","0","4.24","0","62","62.0","57","29","9","54","23","3","1.30","7.87","3.34","4.49","501.2","19457"
"Edgar Garcia","CIN","0","0","0","0","4.28","0","7","7.0","6","3","1","8","3","0","1.26","10.76","3.56","4.49","999.0","19276"
"Kris Bubic","","6","7","0","7","4.44","19","19","99.0","97","49","14","90","38","4","1.36","8.19","3.44","4.49","999.0","21455"
"Paul Campbell","MIA","2","2","0","0","4.47","0","36","34.0","33","17","5","31","12","2","1.33","8.32","3.23","4.50","999.0","sa3005052"
"Tyler Mahle","CIN","8","9","0","10","4.39","26","26","141.0","134","69","26","149","43","7","1.26","9.56","2.74","4.50","170.5","16358"
"Joey Lucchesi","PIT","5","5","0","5","4.22","13","18","79.0","73","37","13","78","27","3","1.28","8.91","3.14","4.50","571.9","19320"
"Daniel Ponce de Leon","STL","5","6","0","3","4.03","13","37","91.0","74","41","13","99","45","6","1.30","9.76","4.46","4.50","552.4","16110"
"Andrew Triggs","","1","1","0","0","4.33","0","12","11.0","10","5","2","10","4","1","1.32","8.26","3.34","4.50","999.0","13533"
"Yusmeiro Petit","OAK","3","3","0","0","4.09","0","70","70.0","66","32","13","61","13","2","1.13","7.85","1.70","4.51","597.4","4020"
"Anthony DeSclafani","SFG","7","10","0","9","4.58","26","26","135.0","135","69","21","122","46","5","1.34","8.11","3.06","4.51","463.8","13050"
"Andrew Heaney","LAA","10","10","0","13","4.46","29","29","168.0","161","83","31","179","53","7","1.27","9.57","2.83","4.51","228.7","15423"
"Tarik Skubal","DET","6","9","0","7","4.46","23","23","111.0","101","55","19","121","42","4","1.29","9.80","3.43","4.51","302.1","22267"
"David Peterson","NYM","6","7","0","6","4.36","19","19","95.0","94","46","13","85","37","5","1.37","7.98","3.52","4.52","999.0","20302"
"Alexander Lange","DET","0","0","0","0","4.43","0","5","5.0","5","2","1","5","2","0","1.39","8.55","4.22","4.52","999.0","sa3005280"
"Zach Davies","CHC","9","10","0","11","4.47","28","28","152.0","152","76","21","120","52","6","1.34","7.07","3.10","4.53","254.4","13183"
"Brandon Bielak","HOU","2","2","0","1","4.28","3","23","38.0","35","18","6","37","15","2","1.33","8.73","3.68","4.53","999.0","19866"
"Cody Reed","TBR","2","1","0","0","4.32","0","40","33.0","31","16","4","35","17","2","1.47","9.43","4.78","4.53","999.0","15232"
"Chad Sobotka","ATL","1","1","0","0","4.45","0","25","21.0","18","10","3","25","11","1","1.42","11.08","4.98","4.53","999.0","17470"
"Rafael Montero","SEA","2","3","0","0","4.49","0","63","63.0","57","31","9","72","33","3","1.43","10.35","4.72","4.53","174.4","12760"
"Aaron Sanchez","SFG","6","9","0","5","4.48","19","35","110.0","107","55","12","93","52","6","1.44","7.59","4.25","4.53","570.8","11490"
"Anthony Swarzak","ARI","1","1","0","0","4.64","0","12","6.0","6","3","1","5","2","0","1.37","8.69","3.26","4.54","999.0","7466"
"Trevor Richards","","1","1","0","0","4.35","0","18","11.0","10","5","2","11","4","1","1.31","8.88","3.26","4.54","600.4","19309"
"Sam Coonrod","PHI","2","1","0","0","4.35","0","42","33.0","30","16","4","36","17","3","1.40","9.57","4.61","4.54","600.3","17264"
"Corey Kluber","NYY","10","8","0","11","4.32","26","26","150.0","141","72","28","156","42","6","1.22","9.34","2.54","4.54","167.3","2429"
"Matthew Boyd","DET","9","12","0","12","4.37","29","29","165.0","151","80","30","173","53","7","1.24","9.45","2.88","4.55","309.0","15440"
"Josh Staumont","KCR","3","3","0","0","4.29","0","63","63.0","50","30","7","80","46","5","1.52","11.44","6.57","4.55","535.7","18335"
"Durbin Feltman","BOS","0","0","0","0","4.46","0","6","6.0","6","3","1","7","3","0","1.37","9.91","4.08","4.55","999.0","sa3007959"
"Mason Thompson","SDP","0","0","0","0","4.35","0","3","3.0","3","1","0","3","1","0","1.34","9.64","4.11","4.56","999.0","sa917969"
"Daniel Hudson","WSN","3","2","0","0","4.51","0","61","61.0","55","31","10","70","27","4","1.35","10.35","4.01","4.56","567.0","7146"
"Taylor Widener","ARI","5","6","0","3","4.52","10","48","102.0","92","51","17","109","43","5","1.33","9.61","3.79","4.57","599.8","19266"
"Devin Smeltzer","","3","3","0","2","4.65","6","18","42.0","44","22","7","36","11","1","1.31","7.66","2.45","4.57","600.8","19487"
"Brailyn Marquez","CHC","1","1","0","1","4.50","2","2","10.0","9","5","1","9","4","0","1.36","8.44","3.66","4.57","599.3","21896"
"Carlos Rodon","CHW","7","7","0","4","4.46","16","42","109.0","100","54","17","113","47","6","1.36","9.36","3.91","4.57","491.5","16137"
"Kyle Barraclough","NYY","1","0","0","0","4.39","0","12","11.0","9","5","2","12","6","1","1.40","10.40","4.71","4.57","999.0","13713"
"Anthony Kay","","3","2","0","1","4.55","2","42","67.0","64","34","9","70","33","3","1.44","9.33","4.43","4.58","600.2","20387"
"Nick Margevicius","SEA","2","3","0","1","4.40","5","15","37.0","36","18","6","32","11","1","1.28","7.92","2.71","4.58","600.6","20395"
"Rex Brothers","CHC","2","1","0","0","4.23","0","40","36.0","27","17","4","51","30","2","1.56","12.67","7.32","4.58","999.0","9794"
"Ryan Sherriff","TBR","2","1","0","0","4.24","0","34","27.0","27","13","4","21","10","1","1.35","7.12","3.23","4.58","999.0","12249"
"Keury Mella","ARI","0","0","0","0","4.80","0","3","3.0","3","2","0","3","1","0","1.45","8.32","3.95","4.59","999.0","15964"
"Logan Allen","CLE","8","9","0","6","4.66","21","49","134.0","135","69","19","118","54","6","1.41","7.95","3.63","4.59","538.3","18555"
"Burch Smith","OAK","2","1","0","0","4.40","0","36","29.0","25","14","4","33","15","2","1.38","10.23","4.55","4.59","999.0","12784"
"Yusei Kikuchi","SEA","8","11","0","10","4.32","28","28","149.0","142","72","23","136","55","5","1.32","8.18","3.28","4.59","277.3","20633"
"Vince Velasquez","PHI","7","7","0","4","4.46","15","65","143.0","131","71","26","163","57","7","1.32","10.26","3.59","4.59","589.3","11189"
"Jose Quintana","LAA","9","10","0","11","4.59","28","28","155.0","155","79","25","142","54","6","1.35","8.23","3.12","4.59","479.7","11423"
"Matt Shoemaker","MIN","6","7","0","7","4.59","19","19","100.0","98","51","16","94","34","5","1.32","8.43","3.08","4.60","547.0","4776"
"Julian Merryweather","TOR","3","2","0","0","4.85","0","53","45.0","46","24","8","49","15","2","1.37","9.75","3.06","4.60","597.6","16703"
"Zack Godley","MIL","0","0","0","0","4.44","0","3","3.0","3","1","0","3","1","0","1.39","8.60","3.92","4.60","600.6","14862"
"Hyun-jong Yang","TEX","2","4","0","1","4.67","5","37","63.0","64","33","10","59","24","2","1.39","8.39","3.36","4.60","999.0","sa3012054"
"Colten Brewer","","1","1","0","0","4.81","0","28","26.0","27","14","4","26","12","2","1.49","8.91","4.14","4.60","999.0","12997"
"Noe Ramirez","","1","1","0","0","4.51","0","20","18.0","17","9","3","19","7","1","1.31","9.24","3.21","4.60","599.3","12800"
"Brandon Workman","CHC","3","2","0","0","4.63","0","61","61.0","56","31","10","71","29","3","1.39","10.50","4.24","4.61","567.3","11428"
"Dillon Tate","BAL","2","2","0","0","4.39","0","60","60.0","58","29","9","57","23","4","1.34","8.54","3.38","4.61","600.8","17796"
"Wes Benjamin","TEX","2","2","0","0","4.61","0","50","43.0","43","22","7","42","17","1","1.39","8.65","3.52","4.61","999.0","19243"
"Adbert Alzolay","CHC","6","8","0","5","4.40","19","25","98.0","87","48","16","101","41","4","1.31","9.24","3.77","4.61","439.2","17859"
"Ross Stripling","TOR","7","7","0","4","4.71","13","69","142.0","150","75","26","132","39","4","1.33","8.34","2.44","4.62","529.5","13273"
"Michael Fulmer","DET","5","8","0","3","4.40","13","58","126.0","126","62","19","98","39","6","1.30","6.98","2.77","4.62","598.8","13218"
"Hector Rondon","","1","1","0","0","4.73","0","20","18.0","18","9","3","17","6","1","1.37","8.54","3.21","4.62","999.0","2391"
"Eric Lauer","","4","4","0","3","4.54","10","18","51.0","50","26","8","47","18","2","1.33","8.31","3.16","4.62","600.8","19316"
"Ryan Buchter","ARI","0","0","0","0","4.48","0","10","4.0","3","2","1","4","2","0","1.34","10.02","4.15","4.62","999.0","9456"
"Nate Jones","ATL","1","1","0","0","4.57","0","28","24.0","23","12","4","24","9","1","1.35","9.16","3.47","4.63","999.0","4696"
"Mike Minor","KCR","10","11","0","14","4.38","29","29","175.0","163","85","29","163","61","6","1.28","8.38","3.14","4.63","304.1","10021"
"Grant Dayton","ATL","2","1","0","0","4.48","0","44","40.0","37","20","8","45","14","1","1.28","10.17","3.17","4.63","999.0","11203"
"Taijuan Walker","NYM","8","9","0","10","4.43","26","26","138.0","132","68","22","129","50","9","1.32","8.41","3.26","4.63","280.8","11836"
"Felix Pena","LAA","3","2","0","0","4.54","0","58","58.0","55","29","10","63","22","3","1.32","9.80","3.36","4.64","601.0","13403"
"Griffin Canning","LAA","8","8","0","9","4.47","24","24","128.0","118","63","22","129","45","6","1.28","9.12","3.18","4.64","321.7","19867"
"Ryne Harper","","1","1","0","0","4.98","0","16","10.0","11","5","2","10","3","0","1.40","8.93","2.82","4.64","999.0","12680"
"Harrison Holmes","OAK","1","1","0","1","4.35","3","6","19.0","18","9","3","18","8","1","1.34","8.27","3.64","4.64","999.0","sa828669"
"Jaime Barria","","2","2","0","1","4.43","3","21","38.0","37","19","7","36","12","1","1.25","8.41","2.73","4.64","599.4","18356"
"Jeff Brigham","MIA","0","0","0","0","4.68","0","8","8.0","7","4","1","9","4","1","1.44","9.83","4.73","4.64","999.0","16631"
"Shane Greene","","2","3","0","0","4.48","0","44","43.0","42","21","7","40","16","3","1.34","8.46","3.35","4.64","599.9","10756"
"Jose Urquidy","HOU","8","8","0","9","4.49","24","24","128.0","127","64","23","113","34","4","1.26","7.94","2.38","4.65","189.4","18413"
"Josh Lindblom","MIL","8","10","0","6","4.61","21","58","145.0","139","74","28","152","45","7","1.27","9.41","2.81","4.65","408.3","7882"
"Patrick Weigel","ATL","1","1","0","0","4.22","0","22","18.0","15","8","2","19","9","1","1.36","9.64","4.67","4.65","999.0","17792"
"Jose Cisnero","DET","2","2","0","0","4.94","0","56","56.0","54","31","9","62","27","3","1.45","9.90","4.32","4.65","596.9","6399"
"Garrett Richards","BOS","7","9","0","8","4.64","24","24","122.0","120","63","19","121","53","5","1.42","8.96","3.94","4.66","487.9","9784"
"Ashton Goudeau","","0","0","0","0","5.10","0","3","3.0","3","2","0","3","1","0","1.46","8.81","3.44","4.66","999.0","15139"
"Kevin McCarthy","","1","1","0","0","4.72","0","22","20.0","22","11","3","13","6","1","1.43","5.89","2.85","4.66","999.0","15240"
"Humberto Mejia","","1","1","0","1","4.59","2","7","17.0","17","9","3","16","5","1","1.27","8.54","2.71","4.66","999.0","20739"
"Aaron Civale","CLE","9","9","0","13","4.60","26","26","156.0","160","80","27","132","44","6","1.31","7.63","2.53","4.66","178.7","19479"
"Kyle Cody","TEX","5","8","0","5","4.59","18","29","94.0","92","48","14","87","38","5","1.39","8.32","3.68","4.66","600.5","19686"
"Brooks Raley","HOU","3","2","0","0","4.55","0","56","56.0","53","28","9","59","24","3","1.38","9.49","3.90","4.67","999.0","10061"
"Taylor Clarke","ARI","4","5","0","1","4.48","5","61","105.0","97","52","16","100","41","5","1.32","8.56","3.56","4.67","600.8","17611"
"Shawn Armstrong","BAL","2","2","0","0","4.70","0","50","46.0","44","24","8","51","20","3","1.38","9.87","3.94","4.67","599.6","12857"
"Bryan Shaw","CLE","2","2","0","0","4.55","0","56","56.0","56","28","9","49","21","3","1.37","7.93","3.30","4.67","999.0","8110"
"Dylan Bundy","LAA","9","10","0","11","4.52","29","29","158.0","149","80","29","163","52","7","1.27","9.26","2.98","4.67","120.1","12917"
"Jose De Leon","CIN","3","3","0","1","4.64","2","62","96.0","86","50","17","119","46","6","1.38","11.14","4.33","4.67","594.3","15463"
"Nick Tropeano","SFG","2","2","0","1","4.89","3","27","47.0","46","25","8","48","20","2","1.41","9.16","3.77","4.67","601.0","12385"
"Trevor Williams","CHC","8","9","0","11","4.50","24","24","138.0","134","69","21","111","44","6","1.29","7.25","2.86","4.67","587.3","16977"
"Nick Vincent","TEX","0","0","0","0","4.77","0","6","6.0","6","3","1","5","1","0","1.29","8.23","2.08","4.67","999.0","7555"
"Corbin Martin","","4","6","0","4","4.59","15","15","70.0","68","36","11","62","26","3","1.35","8.01","3.39","4.68","590.8","19884"
"Bernardo Flores Jr.","CHW","1","1","0","1","4.54","2","5","14.0","14","7","2","11","4","0","1.32","7.13","2.44","4.68","999.0","19561"
"Hansel Robles","MIN","3","2","0","0","4.76","0","54","51.0","49","27","9","53","21","2","1.37","9.46","3.72","4.68","600.0","11801"
"Rick Porcello","","0","0","0","8","4.47","19","19","109.0","109","54","18","90","29","6","1.26","7.46","2.41","4.69","597.4","2717"
"Domingo German","NYY","9","8","0","6","4.51","21","49","138.0","129","69","27","151","45","7","1.26","9.82","2.96","4.71","239.3","17149"
"Ronald Bolanos","KCR","1","2","0","1","4.69","2","18","31.0","31","16","4","30","15","2","1.45","8.47","4.31","4.71","999.0","20041"
"Dakota Bacus","","0","0","0","0","4.85","0","8","8.0","8","4","1","7","4","0","1.49","8.30","4.14","4.72","999.0","14545"
"Trent Thornton","TOR","4","4","0","2","5.01","8","36","70.0","74","39","13","69","24","3","1.41","8.81","3.10","4.72","600.9","17948"
"Danny Duffy","KCR","9","11","0","11","4.59","28","28","156.0","151","79","26","142","57","6","1.34","8.20","3.30","4.72","555.3","3542"
"Chris Mazza","","0","0","0","0","4.73","0","8","8.0","8","4","1","7","3","1","1.43","8.24","3.72","4.72","999.0","14151"
"Huascar Ynoa","ATL","2","2","0","1","4.60","3","21","36.0","34","18","5","35","17","2","1.44","8.85","4.38","4.72","600.4","20468"
"Merrill Kelly","ARI","8","10","0","11","4.87","26","26","144.0","150","78","24","126","48","5","1.37","7.83","2.97","4.72","528.2","11156"
"Nick Nelson","NYY","3","2","0","0","4.60","0","62","62.0","55","32","8","72","39","4","1.51","10.44","5.62","4.72","999.0","20153"
"Josh Osich","CIN","0","0","0","0","4.68","0","4","4.0","4","2","1","4","2","0","1.38","9.24","3.43","4.73","999.0","11528"
"Trevor Cahill","PIT","5","8","0","4","4.57","16","28","88.0","85","45","14","84","37","5","1.37","8.53","3.75","4.73","598.4","6249"
"Scott Blewett","KCR","0","0","0","0","4.90","0","5","5.0","5","3","1","4","2","0","1.46","7.89","3.93","4.73","999.0","16427"
"Travis Lakins","BAL","2","2","0","0","4.71","0","42","38.0","37","20","6","38","18","2","1.44","8.85","4.26","4.73","999.0","18600"
"Josh Fleming","","5","6","0","4","4.49","15","25","78.0","81","39","13","58","21","2","1.32","6.74","2.45","4.73","564.8","20418"
"Shun Yamaguchi","SFG","0","1","0","0","4.92","0","12","10.0","10","5","1","11","5","1","1.50","9.89","4.85","4.73","999.0","27460"
"Tyler Chatwood","TOR","4","3","0","1","4.44","3","68","108.0","97","53","14","114","65","6","1.50","9.49","5.41","4.74","598.8","4338"
"Glenn Sparkman","MIN","0","0","0","0","4.93","0","5","5.0","6","3","1","4","1","0","1.39","6.49","2.60","4.74","999.0","15200"
"Anthony Bender","MIA","1","1","0","0","4.67","0","28","26.0","26","13","4","22","9","1","1.38","7.69","3.34","4.74","999.0","sa918438"
"Carlos Hernandez","KCR","1","1","0","1","4.72","3","6","19.0","18","10","3","17","7","1","1.35","8.16","3.26","4.75","999.0","22713"
"Lucas Gilbreath","COL","1","1","0","0","4.97","0","14","16.0","17","9","2","15","8","1","1.52","8.29","4.24","4.75","999.0","sa829720"
"Justus Sheffield","SEA","7","10","0","9","4.50","26","26","135.0","132","68","20","114","55","5","1.39","7.59","3.70","4.75","350.7","17285"
"Luke Bard","LAA","0","0","0","0","4.77","0","3","3.0","3","2","1","3","1","0","1.37","9.40","3.60","4.75","999.0","14288"
"Hunter Wood","TEX","1","1","0","0","4.54","0","36","29.0","27","15","5","29","12","1","1.34","9.01","3.70","4.76","600.8","15091"
"Ryne Stanek","HOU","2","2","0","0","4.54","0","48","43.0","39","22","8","48","18","2","1.34","10.02","3.88","4.76","600.8","15947"
"Casey Mize","DET","5","10","0","6","4.79","23","23","107.0","109","57","17","90","36","6","1.35","7.61","3.03","4.76","436.4","20492"
"Casey Sadler","SEA","2","2","0","0","4.49","0","58","58.0","57","29","10","55","20","3","1.32","8.52","3.12","4.77","999.0","11209"
"Connor Seabold","","2","2","0","2","4.73","6","6","29.0","30","15","5","26","9","1","1.34","8.08","2.80","4.77","999.0","sa829464"
"AJ Ramos","LAA","0","0","0","0","4.48","0","10","8.0","7","4","1","9","4","0","1.37","9.63","4.44","4.77","999.0","8350"
"Aaron Slegers","LAA","2","2","0","0","4.69","0","36","34.0","35","18","6","29","10","2","1.32","7.57","2.62","4.78","999.0","15231"
"Dallas Keuchel","CHW","11","11","0","13","4.38","31","31","175.0","180","85","24","123","65","6","1.39","6.30","3.33","4.78","218.6","9434"
"Justin Lawrence","COL","1","1","0","0","5.07","0","26","28.0","30","16","3","25","14","2","1.57","7.90","4.56","4.78","999.0","sa875567"
"Steven Brault","PIT","6","10","0","9","4.52","23","23","124.0","120","62","17","108","56","8","1.42","7.84","4.08","4.78","572.0","15291"
"Jacob Brentz","KCR","2","2","0","0","4.50","0","48","47.0","41","23","5","50","32","3","1.56","9.67","6.24","4.79","999.0","sa737925"
"Jordan Holloway","","1","1","0","0","4.42","0","14","12.0","10","6","1","12","7","1","1.51","9.42","5.83","4.79","999.0","20631"
"Alec Mills","CHC","6","9","0","5","4.75","18","43","117.0","119","62","18","95","40","6","1.36","7.26","3.06","4.79","541.6","13834"
"Austin Pruitt","HOU","2","2","0","1","4.95","2","28","42.0","46","23","8","36","12","2","1.37","7.82","2.49","4.79","999.0","15290"
"Kyle McGowin","","2","2","0","1","4.82","2","32","47.0","46","25","9","52","19","3","1.38","10.05","3.61","4.79","999.0","15071"
"Luis Garcia","HOU","3","4","0","3","4.44","11","11","52.0","46","26","9","58","23","2","1.33","9.88","4.00","4.79","590.8","23735"
"Matt Bush","TEX","2","2","0","0","4.78","0","61","61.0","60","32","10","60","25","3","1.40","8.80","3.69","4.80","537.9","1246"
"Tony Cingrani","","1","1","0","0","4.30","0","15","14.0","12","7","2","16","8","1","1.37","10.31","4.90","4.80","999.0","12555"
"Alexander Vizcaino","NYY","0","0","0","0","4.77","0","3","3.0","3","2","1","3","1","0","1.40","9.82","3.83","4.80","999.0","sa920272"
"Cole Sulser","BAL","2","2","0","0","4.92","0","56","56.0","55","31","10","62","27","3","1.46","9.92","4.31","4.80","600.2","15256"
"Kwang-hyun Kim","STL","9","10","0","11","4.60","28","28","152.0","158","78","25","115","47","5","1.34","6.83","2.77","4.80","381.2","27458"
"Dan Winkler","CHC","2","2","0","0","4.59","0","44","40.0","36","21","7","43","19","3","1.37","9.64","4.28","4.81","601.0","12237"
"Nick Neidert","","3","5","0","3","4.75","11","21","64.0","66","34","11","52","19","3","1.34","7.40","2.74","4.81","600.9","18699"
"Brett Anderson","MIL","7","9","0","8","4.77","24","24","125.0","137","66","18","78","37","4","1.40","5.61","2.65","4.81","593.1","8223"
"Cole Hamels","","0","0","0","7","4.55","16","16","93.0","86","47","15","93","40","6","1.36","8.98","3.86","4.82","598.2","4972"
"Tyler Kinley","COL","2","3","0","0","5.00","0","56","56.0","54","31","8","60","32","3","1.53","9.72","5.08","4.83","999.0","18297"
"John Means","BAL","7","11","0","10","4.62","28","28","149.0","148","77","28","138","44","6","1.28","8.30","2.63","4.83","232.2","16269"
"Johnny Cueto","SFG","9","12","0","13","4.86","29","29","166.0","169","90","26","140","64","10","1.41","7.61","3.48","4.83","562.2","6893"
"Parker Dunshee","OAK","1","1","0","1","4.50","2","2","11.0","10","5","2","9","3","1","1.28","7.61","2.85","4.83","999.0","sa873274"
"Robbie Ray","TOR","10","10","0","11","4.84","29","29","157.0","143","84","31","205","82","6","1.43","11.78","4.71","4.84","294.6","11486"
"Kyle Gibson","TEX","8","12","0","12","4.88","29","29","162.0","171","88","27","143","62","7","1.44","7.96","3.46","4.84","555.8","10123"
"Caleb Smith","ARI","8","9","0","11","4.65","24","24","137.0","123","71","26","151","56","6","1.30","9.88","3.66","4.85","462.2","14875"
"Marcus Walden","","0","0","0","0","5.25","0","3","3.0","3","2","0","3","1","0","1.57","7.83","4.23","4.85","999.0","8004"
"Jairo Diaz","COL","2","2","0","0","5.59","0","42","44.0","50","27","6","42","22","3","1.63","8.56","4.48","4.85","600.3","12774"
"Hunter Harvey","BAL","1","1","0","0","4.79","0","38","34.0","32","18","6","39","15","2","1.38","10.18","3.90","4.86","508.7","15507"
"Touki Toussaint","ATL","1","1","0","1","4.67","2","10","17.0","15","9","3","18","9","1","1.43","9.73","4.66","4.86","600.8","16929"
"Jose Mujica","COL","0","0","0","0","5.02","0","4","6.0","7","3","1","5","2","0","1.38","6.96","2.53","4.87","999.0","17821"
"Kyle Funkhouser","DET","1","1","0","0","4.96","0","16","10.0","10","6","1","9","6","1","1.55","8.38","5.08","4.87","999.0","19456"
"Derek Holland","DET","2","2","0","0","4.69","0","50","44.0","41","23","7","45","21","2","1.42","9.16","4.31","4.88","596.8","4141"
"Kohl Stewart","","1","2","0","2","5.00","5","5","26.0","28","14","3","17","10","2","1.47","5.95","3.54","4.88","999.0","15502"
"Joseph Sceroler","BAL","1","1","0","0","4.82","0","24","20.0","19","11","4","22","8","1","1.37","9.72","3.64","4.88","999.0","sa915799"
"J.A. Happ","MIN","8","8","0","9","4.63","24","24","126.0","122","65","22","111","46","5","1.34","7.98","3.31","4.89","448.2","7410"
"Jon Gray","COL","7","12","0","10","5.39","28","28","144.0","161","86","24","121","53","7","1.49","7.56","3.31","4.89","564.2","14916"
"Kyle Wright","","5","6","0","4","4.85","13","28","78.0","79","42","12","68","32","4","1.42","7.80","3.66","4.89","566.7","19665"
"Steven Matz","TOR","8","8","0","10","4.91","24","24","135.0","138","74","26","136","48","6","1.38","9.03","3.20","4.89","538.0","13361"
"Nate Pearson","TOR","6","8","0","5","4.73","23","23","104.0","100","55","20","105","40","4","1.35","9.09","3.44","4.90","322.1","20160"
"Tyler Beede","SFG","2","3","0","3","5.07","8","8","43.0","44","24","7","41","20","2","1.48","8.52","4.23","4.90","600.9","16981"
"Tucker Davidson","ATL","1","1","0","1","4.73","3","3","15.0","15","8","2","13","7","1","1.48","7.74","4.26","4.90","999.0","19871"
"Jeff Hoffman","CIN","4","4","0","2","4.97","6","60","106.0","105","59","19","111","47","7","1.42","9.35","3.95","4.91","599.1","17432"
"Jakob Junis","KCR","6","8","0","4","4.94","15","51","122.0","128","67","22","108","37","8","1.36","7.98","2.73","4.91","593.0","13619"
"Cody Ponce","PIT","2","3","0","1","4.81","5","13","31.0","32","17","5","26","11","2","1.39","7.56","3.31","4.91","600.7","17920"
"Jake Arrieta","CHC","7","9","0","10","4.77","24","24","134.0","136","71","20","102","52","7","1.41","6.83","3.51","4.91","530.5","4153"
"Michael Wacha","TBR","7","9","0","9","4.82","24","24","128.0","130","68","23","117","49","4","1.40","8.25","3.44","4.92","518.6","14078"
"Kyle Freeland","COL","5","9","0","7","5.11","21","21","106.0","118","60","16","78","39","4","1.48","6.58","3.29","4.92","576.9","16256"
"Thomas Hatch","TOR","1","1","0","0","4.96","0","15","7.0","7","4","1","7","3","0","1.47","9.32","4.40","4.92","999.0","19264"
"Yency Almonte","COL","3","3","0","0","5.10","0","58","58.0","59","33","9","55","27","4","1.49","8.46","4.25","4.93","600.8","15068"
"Jesus Tinoco","COL","0","0","0","0","5.45","0","7","9.0","10","5","1","8","4","0","1.57","8.07","4.17","4.93","999.0","16300"
"Spencer Patton","TEX","1","1","0","0","5.05","0","15","8.0","8","5","2","10","4","1","1.47","10.93","4.66","4.93","999.0","12361"
"Adam Wainwright","STL","8","10","0","12","4.84","26","26","151.0","156","81","25","122","55","7","1.40","7.28","3.28","4.94","343.9","2233"
"Heath Hembree","CIN","1","1","0","0","5.07","0","16","4.0","4","2","1","4","1","0","1.37","9.93","3.31","4.94","999.0","11632"
"Hunter Strickland","TBR","0","0","0","0","4.62","0","3","3.0","3","2","1","3","1","0","1.33","8.42","3.33","4.94","999.0","7836"
"Wade Miley","CIN","8","10","0","11","4.95","26","26","143.0","153","79","23","115","56","6","1.46","7.25","3.52","4.95","598.1","8779"
"Jackson Kowar","KCR","1","1","0","1","4.94","3","3","15.0","16","8","2","12","5","1","1.41","6.84","3.19","4.95","600.8","sa3008273"
"Alec Bettinger","MIL","1","1","0","1","4.82","2","2","10.0","10","5","2","9","3","0","1.31","8.06","2.71","4.96","600.9","sa873670"
"Joe Ross","WSN","6","9","0","8","5.07","23","23","119.0","127","67","19","96","44","6","1.44","7.27","3.37","4.96","586.5","12972"
"Scott Moss","CLE","2","2","0","1","4.80","5","13","30.0","29","16","5","29","14","1","1.42","8.85","4.10","4.96","601.0","sa738902"
"Chad Kuhl","PIT","6","10","0","9","4.85","24","24","129.0","128","69","21","118","55","7","1.42","8.23","3.85","4.96","575.5","14975"
"Luis Cessa","NYY","3","2","0","0","4.91","0","47","46.0","47","25","8","41","17","2","1.41","8.11","3.37","4.96","999.0","13345"
"Austin Voth","WSN","3","4","0","1","5.03","5","39","67.0","68","37","12","65","25","3","1.40","8.74","3.43","4.97","599.0","15047"
"Yoan Lopez","ARI","2","2","0","0","4.74","0","50","44.0","42","23","7","39","17","2","1.36","8.02","3.57","4.97","600.9","17181"
"Reynaldo Lopez","","5","5","0","3","4.64","10","44","92.0","88","48","17","85","34","4","1.32","8.27","3.34","4.97","599.1","16400"
"Jose Suarez","","1","1","0","1","4.97","2","2","10.0","10","5","2","9","4","0","1.41","8.36","3.53","4.98","999.0","19911"
"Cristian Javier","HOU","7","7","0","7","4.41","21","21","106.0","88","52","20","113","48","5","1.28","9.59","4.07","4.99","243.8","17606"
"Tyler Bashlor","","0","0","0","0","4.59","0","12","8.0","7","4","1","8","4","1","1.43","9.22","4.96","5.00","999.0","15203"
"Mike Leake","","0","0","0","7","4.77","15","15","87.0","96","46","15","55","18","4","1.31","5.68","1.91","5.00","600.6","10130"
"Dylan Cease","CHW","8","9","0","11","4.80","24","24","137.0","134","73","23","127","63","6","1.44","8.37","4.17","5.01","317.2","18525"
"Brad Boxberger","MIL","2","2","0","0","4.73","0","44","37.0","33","19","7","41","18","2","1.39","10.08","4.45","5.01","999.0","10133"
"Adam Warren","NYY","0","0","0","0","4.79","0","4","4.0","4","2","1","4","1","0","1.36","8.17","3.20","5.01","999.0","9029"
"Tyler Anderson","PIT","7","11","0","12","4.78","26","26","149.0","149","79","25","122","56","6","1.38","7.34","3.39","5.01","596.2","12880"
"Jose Ruiz","CHW","1","1","0","0","4.71","0","23","19.0","18","10","3","19","9","1","1.40","9.14","4.27","5.01","999.0","14552"
"Buck Farmer","DET","2","3","0","0","5.21","0","62","62.0","66","36","11","55","24","3","1.46","8.01","3.55","5.01","600.8","14814"
"David Hale","PHI","2","2","0","0","5.34","0","53","44.0","50","26","8","38","15","2","1.47","7.76","3.11","5.03","999.0","9756"
"Antonio Senzatela","COL","7","13","0","11","5.48","29","29","155.0","182","94","23","97","55","7","1.54","5.63","3.20","5.04","577.3","15488"
"Johan Oviedo","","2","3","0","2","4.95","6","12","37.0","37","20","5","31","18","2","1.50","7.53","4.44","5.04","600.6","22487"
"Domingo Tapia","","1","1","0","0","4.92","0","28","27.0","27","15","3","22","15","1","1.55","7.44","5.01","5.04","999.0","12178"
"Hirokazu Sawamura","BOS","2","2","0","0","5.33","0","53","51.0","52","30","10","60","26","3","1.54","10.50","4.66","5.04","600.3","sa3014741"
"Deivi Garcia","NYY","5","5","0","5","4.90","16","16","78.0","77","43","16","80","29","4","1.35","9.19","3.35","5.05","443.0","20276"
"Rogelio Armenteros","","2","2","0","2","5.05","6","6","29.0","30","16","5","27","11","1","1.41","8.32","3.40","5.05","999.0","17679"
"Tyler Lyons","NYY","1","1","0","0","4.92","0","14","13.0","13","7","3","14","5","1","1.36","9.82","3.39","5.05","999.0","11334"
"Alex Cobb","LAA","8","10","0","11","4.92","26","26","143.0","152","78","25","108","45","6","1.38","6.80","2.83","5.06","563.8","6562"
"Bud Norris","","1","1","0","0","5.13","0","20","19.0","19","11","3","20","9","1","1.46","9.61","4.22","5.06","999.0","9492"
"Mike Foltynewicz","TEX","6","10","0","10","4.94","23","23","128.0","129","70","24","115","48","6","1.38","8.06","3.37","5.07","558.1","10811"
"Martin Perez","BOS","8","11","0","11","5.13","28","28","149.0","163","85","24","115","61","5","1.50","6.93","3.69","5.07","588.3","6902"
"Austin Gomber","COL","5","10","0","8","5.45","24","24","117.0","129","71","20","105","50","5","1.53","8.03","3.85","5.07","555.5","16561"
"Nick Pivetta","BOS","6","8","0","5","5.15","18","30","100.0","105","57","19","96","38","5","1.43","8.65","3.43","5.08","555.8","15454"
"Zacary Lowther","","1","2","0","1","4.91","5","5","24.0","24","13","4","22","10","1","1.41","8.34","3.79","5.08","999.0","sa915645"
"Keynan Middleton","SEA","2","2","0","0","4.86","0","56","56.0","53","30","11","60","23","2","1.37","9.59","3.73","5.09","600.3","15264"
"Jose Urena","DET","6","9","0","4","4.90","16","48","116.0","120","63","19","86","40","7","1.38","6.66","3.09","5.10","596.4","11589"
"Tanner Houck","BOS","4","6","0","6","5.17","16","16","81.0","85","47","13","73","38","5","1.50","8.02","4.18","5.11","548.4","19879"
"Reginald Lawson","SDP","1","1","0","1","5.15","2","2","11.0","11","6","2","9","4","0","1.45","7.77","3.71","5.11","999.0","sa917951"
"Jordan Yamamoto","NYM","2","2","0","2","4.98","5","5","28.0","28","15","5","26","11","1","1.39","8.57","3.57","5.12","600.5","17585"
"Rich Hill","TBR","6","7","0","7","4.63","19","19","102.0","95","52","19","94","38","6","1.31","8.31","3.38","5.12","514.0","4806"
"Chase Anderson","PHI","6","7","0","4","4.79","16","34","93.0","88","49","19","89","34","5","1.32","8.65","3.32","5.12","596.3","6895"
"Brad Peacock","","1","1","0","0","4.99","0","18","17.0","16","9","3","19","8","1","1.43","10.06","4.46","5.13","999.0","5401"
"Homer Bailey","","0","0","0","5","5.06","11","11","63.0","67","35","12","51","21","3","1.40","7.35","3.05","5.13","599.8","8362"
"Madison Bumgarner","ARI","8","12","0","13","5.08","29","29","166.0","176","94","34","134","43","8","1.32","7.28","2.31","5.13","328.5","5524"
"Ljay Newsome","","1","2","0","1","4.74","3","11","24.0","25","13","6","21","4","1","1.19","7.71","1.44","5.15","600.4","19942"
"Joseph Wentz","DET","0","1","0","1","4.99","2","2","10.0","10","6","2","9","4","0","1.40","7.87","3.61","5.15","999.0","sa917946"
"Elijah Morgan","CLE","1","2","0","2","5.04","5","5","25.0","25","14","5","22","7","1","1.33","8.05","2.73","5.15","999.0","sa915827"
"Junior Guerra","LAA","3","2","0","0","4.70","0","56","56.0","51","29","10","55","27","3","1.39","8.77","4.32","5.15","999.0","5702"
"Cesar Valdez","BAL","2","3","0","0","5.52","0","59","59.0","68","36","12","56","21","3","1.50","8.52","3.21","5.16","584.8","9013"
"Erasmo Ramirez","","1","1","0","0","4.99","0","20","14.0","15","8","3","10","4","1","1.37","6.64","2.74","5.17","600.7","10314"
"Javy Guerra","WSN","2","2","0","0","5.32","0","42","36.0","39","21","7","31","13","2","1.45","7.89","3.15","5.17","999.0","7407"
"Braxton Garrett","","3","6","0","4","5.03","13","13","62.0","64","35","11","55","26","2","1.46","8.01","3.84","5.18","599.8","21844"
"Jordan Zimmermann","MIL","1","1","0","1","5.23","2","8","18.0","20","11","4","15","5","1","1.36","7.23","2.35","5.19","999.0","4505"
"T.J. Zeuch","TOR","1","2","0","1","5.23","5","5","24.0","27","14","4","15","8","1","1.49","5.74","3.08","5.19","999.0","19269"
"Andrew Cashner","","1","1","0","0","4.91","0","20","19.0","19","10","3","15","9","1","1.47","6.97","4.19","5.19","999.0","8782"
"Rafael Dolis","TOR","3","2","0","0","5.34","0","62","62.0","63","37","10","64","36","4","1.60","9.32","5.29","5.20","534.9","4185"
"James Greene","","0","0","0","0","4.95","0","4","4.0","4","2","0","4","3","0","1.62","8.30","6.21","5.20","999.0","sa737829"
"Jake Woodford","STL","2","2","0","1","4.89","5","13","31.0","30","17","5","24","13","2","1.42","6.95","3.82","5.21","999.0","18674"
"Michael Baumann","BAL","2","3","0","2","5.04","8","8","36.0","36","20","7","32","15","1","1.43","7.85","3.84","5.22","600.7","sa829681"
"Keegan Akin","","5","9","0","6","5.16","21","21","100.0","99","57","20","105","46","4","1.45","9.45","4.13","5.22","586.1","19362"
"Angel Rondon","","1","1","0","1","4.75","2","2","10.0","10","5","2","8","4","0","1.33","7.05","3.19","5.22","999.0","sa917908"
"Ryan Brasier","BOS","2","1","0","0","5.34","0","35","33.0","35","20","8","36","12","1","1.43","9.85","3.40","5.23","600.9","5615"
"Ross Detwiler","MIA","2","2","0","0","5.36","0","48","46.0","50","27","7","36","21","2","1.57","7.14","4.12","5.23","999.0","2859"
"Dean Kremer","BAL","5","10","0","7","5.18","24","24","114.0","117","66","23","107","47","5","1.44","8.43","3.68","5.24","574.0","19350"
"Jonathan Stiever","CHW","2","3","0","2","4.90","6","12","37.0","37","20","8","33","11","2","1.31","8.14","2.69","5.24","999.0","24584"
"Chi Chi Gonzalez","COL","2","3","0","2","5.66","6","11","39.0","45","25","6","27","17","2","1.60","6.23","4.01","5.25","999.0","14663"
"Anibal Sanchez","","0","0","0","8","5.04","18","18","101.0","102","57","20","84","35","4","1.35","7.43","3.09","5.26","600.8","3284"
"Jorge Guzman","MIA","1","2","0","1","5.00","2","20","33.0","30","18","5","34","21","2","1.53","9.26","5.61","5.26","999.0","17505"
"Erick Fedde","WSN","4","6","0","3","5.41","11","32","76.0","87","46","13","53","30","4","1.53","6.24","3.50","5.26","600.8","17425"
"Tyson Miller","CHC","1","2","0","2","5.07","5","5","26.0","27","15","5","20","9","1","1.36","6.90","3.03","5.29","999.0","19976"
"Ian Kennedy","TEX","1","2","0","0","5.16","0","40","33.0","34","19","8","34","12","1","1.38","9.15","3.21","5.29","470.1","6986"
"Anthony Gose","CLE","0","0","0","0","4.77","0","10","5.0","4","2","1","5","3","0","1.56","9.53","6.32","5.29","999.0","5097"
"A.J. Cole","TOR","1","1","0","0","5.51","0","24","16.0","17","10","3","17","7","1","1.50","9.60","4.04","5.31","600.9","11467"
"Shelby Miller","CHC","3","4","0","2","5.34","8","16","46.0","47","27","8","37","22","2","1.51","7.22","4.30","5.31","600.9","10197"
"Robert Stephenson","COL","3","3","0","0","5.40","0","62","62.0","60","37","13","72","34","3","1.52","10.38","4.97","5.32","601.0","13594"
"Ryan Rolison","COL","2","5","0","2","5.50","11","11","47.0","54","29","9","37","17","2","1.48","6.98","3.13","5.33","601.0","sa3008244"
"Tom Eshelman","BAL","1","1","0","0","5.48","0","14","10.0","12","6","2","8","3","0","1.45","6.92","2.66","5.33","999.0","18361"
"Sam Hentges","","2","3","0","2","5.56","6","11","39.0","42","24","7","34","18","2","1.56","8.03","4.30","5.34","999.0","sa828881"
"Albert Abreu","NYY","0","0","0","0","5.10","0","3","3.0","3","2","1","3","2","0","1.54","9.60","5.45","5.34","999.0","17485"
"Antonio Santillan","","1","1","0","1","5.19","3","3","15.0","16","9","3","12","5","1","1.42","7.24","3.26","5.35","999.0","sa874781"
"Ben Braymer","","1","2","0","1","5.41","3","13","22.0","24","13","4","19","9","1","1.48","7.71","3.67","5.36","999.0","20175"
"Tyson Ross","TEX","2","3","0","3","5.27","6","6","33.0","36","20","6","26","15","2","1.51","6.88","3.94","5.37","999.0","7872"
"Jon Lester","WSN","7","10","0","11","5.40","24","24","140.0","156","84","28","112","48","5","1.46","7.19","3.11","5.37","559.5","4930"
"Adonis Medina","","1","1","0","1","5.06","3","3","14.0","14","8","3","11","5","1","1.42","7.16","3.49","5.37","999.0","19903"
"Carson Fulmer","CIN","1","1","0","0","5.22","0","27","15.0","14","9","3","16","9","1","1.54","9.73","5.46","5.38","999.0","18311"
"Wil Crowe","PIT","3","7","0","4","5.22","13","23","71.0","76","41","13","54","29","4","1.47","6.77","3.71","5.39","999.0","19800"
"Daniel Gossett","","1","1","0","1","5.44","2","2","10.0","11","6","2","8","4","0","1.48","7.40","3.42","5.39","999.0","16164"
"Josh Tomlin","ATL","2","2","0","0","5.19","0","54","50.0","56","29","12","40","8","2","1.29","7.19","1.39","5.40","600.7","9388"
"Matt Moore","PHI","7","9","0","9","5.26","24","24","125.0","131","73","26","110","46","6","1.42","7.87","3.33","5.43","564.6","1890"
"Antonio Santos","COL","0","1","0","1","6.12","2","2","9.0","12","6","2","6","3","0","1.56","6.15","2.51","5.43","999.0","20383"
"Fernando Abad","BAL","1","1","0","0","5.28","0","18","14.0","15","8","3","13","6","1","1.47","8.06","3.78","5.45","599.7","4994"
"Jordan Lyles","TEX","6","11","0","6","5.35","21","44","125.0","134","75","25","102","47","6","1.44","7.32","3.38","5.46","599.0","7593"
"Tanner Roark","TOR","7","9","0","10","5.44","24","24","130.0","140","79","27","110","49","8","1.45","7.62","3.37","5.50","592.7","8753"
"Nik Turley","CHW","0","0","0","0","5.26","0","5","5.0","5","3","1","6","3","0","1.56","10.31","5.73","5.52","999.0","5530"
"Wily Peralta","DET","0","0","0","0","5.72","0","10","4.0","4","3","1","3","2","0","1.60","7.10","4.41","5.53","999.0","7738"
"Daniel Bard","COL","3","3","0","0","5.69","0","63","63.0","67","40","11","55","33","5","1.59","7.83","4.76","5.54","250.4","7115"
"Mike Fiers","OAK","8","10","0","11","5.12","26","26","144.0","151","82","28","95","46","8","1.36","5.94","2.87","5.54","585.8","7754"
"Edinson Volquez","","1","1","0","0","5.51","0","12","11.0","12","7","2","9","6","1","1.57","7.26","4.63","5.57","999.0","3990"
"Kohei Arihara","TEX","7","13","0","8","5.62","26","38","133.0","150","83","28","102","45","6","1.47","6.89","3.07","5.57","564.5","sa3014740"
"Jordan Sheffield","COL","2","2","0","0","5.59","0","37","39.0","37","24","7","44","26","3","1.63","10.22","6.02","5.58","999.0","sa738245"
"Brandon Finnegan","CIN","1","1","0","0","5.32","0","28","16.0","15","9","3","15","9","1","1.54","8.82","5.16","5.60","999.0","16208"
"Justin Dunn","SEA","5","9","0","7","5.51","21","21","105.0","108","64","21","90","47","5","1.48","7.75","4.05","5.62","582.8","19268"
"Jorge Lopez","BAL","4","8","0","4","5.68","15","40","103.0","117","65","22","82","38","6","1.51","7.16","3.30","5.66","600.8","14527"
"Lucas Luetge","NYY","1","1","0","0","5.82","0","20","19.0","20","12","4","19","10","1","1.63","9.04","4.94","5.67","999.0","8337"
"Bruce Zimmermann","BAL","4","9","0","6","5.77","21","21","99.0","112","63","21","80","40","4","1.54","7.29","3.68","5.67","999.0","20370"
"Stetson Allie","TBR","0","0","0","0","5.11","0","5","5.0","4","3","1","6","4","0","1.60","10.85","7.04","5.72","999.0","sa548192"
"Neftali Feliz","PHI","1","1","0","0","5.35","0","14","5.0","5","3","1","5","3","0","1.46","8.24","4.32","5.77","999.0","18"
"Julio Teheran","DET","5","9","0","8","5.57","21","21","112.0","113","69","22","83","51","6","1.47","6.69","4.11","5.84","575.7","6797"
"Jeff Samardzija","","0","0","0","7","5.48","16","16","91.0","94","56","20","70","34","4","1.41","6.92","3.37","5.84","600.8","3254"
"Wade LeBlanc","BAL","3","6","0","3","5.76","10","26","66.0","76","42","16","49","22","2","1.47","6.67","2.93","5.89","999.0","5221"
"Matt Harvey","BAL","4","9","0","5","5.91","18","26","92.0","107","61","22","71","32","4","1.50","6.87","3.15","5.90","597.8","11713"
"Tommy Milone","TOR","0","1","0","1","5.93","2","2","9.0","10","6","3","8","2","0","1.42","7.86","2.42","5.91","999.0","7608"
"Dereck Rodriguez","COL","1","3","0","2","6.33","5","8","31.0","37","22","7","22","11","2","1.59","6.45","3.35","5.98","999.0","14509"
"Adam Plutko","BAL","5","8","0","3","5.83","11","65","130.0","144","84","33","101","45","4","1.45","6.98","3.13","6.09","600.4","15846"
"Ryan Castellani","COL","1","2","0","1","6.65","5","5","23.0","28","17","5","16","11","2","1.70","6.42","4.41","6.14","999.0","16377"
"Ervin Santana","KCR","3","6","0","3","6.06","11","21","65.0","74","44","15","35","25","3","1.53","4.83","3.51","6.35","600.5","3200"
