"Name","Team","G","PA","AB","H","2B","3B","HR","R","RBI","BB","SO","SB","CS","AVG","OBP","SLG","OPS","wOBA","ADP","playerid"
"Mike Trout","Angels","59","250","199","60","11","1","18","45","43","44","52","5","2",".301",".437",".637","1.074",".434","6.8","10155"
"Christian Yelich","Brewers","56","241","207","64","12","1","14","40","39","30","49","6","2",".309",".400",".575",".975",".401","1.8","11477"
"Juan Soto","Nationals","55","236","197","58","12","1","12","38","36","36","44","3","1",".292",".400",".545",".946",".392","10.7","20123"
"Cody Bellinger","Dodgers","56","241","208","60","13","1","15","40","41","30","47","5","1",".287",".379",".584",".963",".390","3.9","15998"
"Alex Bregman","Astros","56","240","201","57","13","1","12","38","36","33","31","2","1",".283",".393",".536",".929",".388","16.9","17678"
"Nolan Arenado","Rockies","58","246","219","65","13","1","16","38","43","23","37","1","0",".298",".365",".583",".948",".385","13.4","9777"
"J.D. Martinez","Red Sox","56","237","210","62","12","1","14","36","40","24","55","1","0",".295",".368",".562",".931",".382","23.7","6184"
"Freddie Freeman","Braves","56","239","206","61","13","1","11","36","35","29","45","3","1",".295",".387",".533",".920",".381","25.5","5361"
"Mookie Betts","Dodgers","57","246","213","63","14","1","11","40","35","29","33","7","2",".294",".381",".531",".911",".378","4.9","13611"
"Bryce Harper","Phillies","56","239","198","53","11","1","13","37","36","37","58","4","1",".266",".384",".527",".911",".376","20.0","11579"
"Aaron Judge","Yankees","50","215","181","48","8","1","13","34","33","30","66","2","1",".262",".373",".535",".907",".376","52.7","15640"
"Ronald Acuna Jr.","Braves","56","239","212","60","11","1","13","40","34","23","60","12","3",".285",".361",".535",".896",".371","1.6","18401"
"Kris Bryant","Cubs","56","240","205","56","12","1","11","35","34","28","53","2","1",".275",".374",".510",".885",".371","60.5","15429"
"Trevor Story","Rockies","56","236","213","60","14","2","13","39","37","19","63","7","2",".282",".346",".555",".901",".371","11.2","12564"
"Anthony Rizzo","Cubs","55","235","198","55","11","1","10","34","32","27","33","2","1",".279",".383",".492",".875",".368","82.0","3473"
"Anthony Rendon","Angels","55","232","201","57","13","1","11","33","33","26","33","1","0",".284",".371",".512",".883",".368","29.9","12861"
"Yordan Alvarez","Astros","46","198","172","47","10","1","11","29","33","24","50","1","0",".274",".365",".530",".895",".367","79.1","19556"
"Giancarlo Stanton","Yankees","46","196","172","44","7","0","14","30","32","21","57","1","0",".258",".345",".544",".889",".365","65.5","4949"
"Justin Turner","Dodgers","53","228","199","57","12","1","9","33","32","22","36","1","0",".288",".370",".498",".868",".365","149.8","5235"
"Eugenio Suarez","Reds","55","235","204","54","9","1","15","35","38","25","60","1","0",".264",".352",".529",".881",".365","74.5","12552"
"George Springer","Astros","55","235","203","55","9","1","12","36","34","27","49","2","1",".271",".366",".499",".865",".364","46.6","12856"
"Max Muncy","Dodgers","54","233","197","50","9","1","13","36","35","32","59","1","0",".252",".362",".507",".869",".363","72.0","13301"
"Josh Donaldson","Twins","53","229","193","50","10","1","11","34","32","32","50","1","0",".258",".369",".491",".860",".362","85.8","5038"
"Paul Goldschmidt","Cardinals","56","239","204","55","10","1","11","34","34","31","55","3","1",".271",".370",".495",".866",".362","77.4","9218"
"Jose Ramirez","Indians","56","238","210","59","14","2","11","36","35","25","29","9","2",".280",".357",".520",".876",".362","13.3","13510"
"Charlie Blackmon","Rockies","49","208","188","55","11","2","9","31","30","15","37","3","1",".292",".353",".517",".870",".362","60.7","7859"
"Pete Alonso","Mets","56","238","209","53","10","0","16","35","39","23","63","1","0",".255",".341",".536",".878",".361","32.5","19251"
"Jose Altuve","Astros","55","237","212","64","12","1","9","36","32","19","35","6","2",".301",".368",".490",".858",".361","39.7","5417"
"Rafael Devers","Red Sox","56","239","218","63","15","1","12","35","36","18","45","3","1",".290",".347",".528",".875",".361","24.3","17350"
"Michael Conforto","Mets","49","206","177","46","9","0","11","29","29","25","48","2","1",".260",".359",".497",".855",".357","128.9","16376"
"Joey Gallo","Rangers","50","211","178","40","8","1","15","31","36","30","77","2","1",".222",".337",".532",".870",".357","97.1","14128"
"Kyle Schwarber","Cubs","52","222","190","48","9","1","13","32","35","28","57","1","1",".252",".351",".511",".862",".356","122.5","16478"
"Nelson Cruz","Twins","52","223","199","53","10","1","13","32","36","19","53","0","0",".267",".338",".524",".861",".355","61.6","2434"
"Xander Bogaerts","Red Sox","56","239","214","62","13","1","10","34","33","21","43","2","1",".288",".355",".493",".848",".355","42.7","12161"
"Josh Bell","Pirates","56","237","205","56","11","1","10","32","34","28","44","1","1",".272",".360",".492",".852",".354","99.4","13145"
"Tommy Pham","Padres","55","232","200","56","10","1","8","34","27","27","47","7","2",".279",".370",".463",".833",".354","87.5","2967"
"Joc Pederson","Dodgers","40","171","149","37","7","1","10","26","27","18","37","1","0",".248",".340",".513",".853",".353","210.1","11899"
"Francisco Lindor","Indians","57","243","219","62","13","1","12","35","36","20","35","6","2",".285",".346",".511",".857",".353","7.4","12916"
"Gleyber Torres","Yankees","53","228","205","57","10","1","12","33","33","19","50","3","1",".277",".341",".510",".851",".353","28.9","16997"
"Vladimir Guerrero Jr.","Blue Jays","52","217","193","56","11","1","8","29","28","20","32","1","0",".293",".363",".477",".839",".353","58.9","19611"
"Jorge Soler","Royals","53","220","191","49","10","1","12","30","33","24","59","1","0",".254",".343",".503",".846",".353","99.7","14221"
"Carlos Correa","Astros","52","222","194","52","10","1","10","32","32","24","50","1","0",".268",".354",".487",".841",".353","105.7","14162"
"Andrew McCutchen","Phillies","52","219","188","50","10","1","10","32","28","27","47","3","1",".263",".360",".475",".835",".352","207.8","9847"
"Fernando Tatis Jr.","Padres","54","229","206","56","11","2","11","34","32","19","64","7","2",".274",".341",".505",".846",".351","17.9","19709"
"Rhys Hoskins","Phillies","55","232","196","48","10","1","12","33","33","30","54","1","0",".242",".351",".488",".839",".351","126.5","16472"
"Marcell Ozuna","Braves","56","237","214","59","10","1","12","34","35","20","48","2","1",".276",".341",".503",".843",".351","101.9","10324"
"Austin Meadows","Rays","47","197","177","49","11","1","9","28","27","17","40","5","1",".275",".341",".508",".849",".351","48.8","15672"
"Manny Machado","Padres","58","246","220","60","11","1","13","33","38","23","41","3","1",".273",".343",".505",".848",".351","63.9","11493"
"Eloy Jimenez","White Sox","52","218","200","56","11","1","11","30","33","14","51","1","0",".280",".330",".510",".840",".348","59.8","17484"
"Nicholas Castellanos","Reds","56","238","217","61","15","2","10","33","34","17","53","1","0",".280",".335",".502",".837",".348","75.0","11737"
"Miguel Sano","Twins","46","197","171","41","8","1","12","29","31","24","69","0","0",".238",".334",".500",".834",".347","121.7","12164"
"Yasmani Grandal","White Sox","50","197","167","40","7","0","10","27","27","27","46","1","0",".242",".351",".471",".822",".347","106.6","11368"
"Gary Sanchez","Yankees","42","164","145","36","6","0","11","23","26","15","42","1","0",".245",".325",".513",".838",".347","84.1","11442"
"Shohei Ohtani","Angels","42","178","159","43","9","1","8","26","24","16","49","4","1",".270",".339",".492",".831",".346","130.5","19755"
"Eric Thames","Nationals","41","174","152","37","8","1","10","25","28","19","51","2","1",".244",".336",".498",".834",".346","389.3","3711"
"Max Kepler","Twins","52","223","196","51","12","1","10","32","31","23","36","2","1",".259",".340",".487",".827",".346","145.7","12144"
"Mitch Garver","Twins","36","141","124","32","7","0","7","20","20","14","34","0","0",".255",".336",".487",".824",".345","112.1","15161"
"Corey Seager","Dodgers","49","210","189","53","13","1","8","29","29","18","39","0","0",".281",".346",".479",".824",".345","136.4","13624"
"Ozzie Albies","Braves","56","239","218","63","14","2","9","34","31","17","39","6","2",".287",".341",".486",".827",".344","32.4","16556"
"Jeff McNeil","Mets","52","221","199","57","12","1","7","30","27","14","31","3","1",".288",".349",".469",".817",".344","88.7","15362"
"Joey Votto","Reds","54","230","192","51","11","1","6","30","25","34","42","1","0",".267",".379",".419",".798",".344","279.1","4314"
"Jesse Winker","Reds","41","177","153","42","8","0","6","23","21","20","28","1","0",".275",".364",".445",".809",".344","437.5","13590"
"Edwin Encarnacion","White Sox","48","202","177","43","7","0","12","28","30","22","44","1","0",".242",".330",".493",".823",".344","162.2","2151"
"Mike Moustakas","Reds","53","228","204","53","10","0","13","31","35","19","38","1","0",".258",".327",".504",".831",".343","95.2","4892"
"Ketel Marte","Diamondbacks","56","235","213","61","12","2","8","32","30","19","33","3","1",".286",".345",".475",".820",".343","37.8","13613"
"Carlos Santana","Indians","56","240","202","50","10","1","10","32","32","35","36","1","0",".249",".361",".450",".811",".343","141.6","2396"
"Franmil Reyes","Indians","49","208","186","48","9","0","11","28","34","19","55","0","0",".259",".329",".498",".827",".343","111.5","14566"
"Matt Chapman","Athletics","57","239","210","51","12","1","12","33","32","25","58","1","0",".244",".331",".489",".820",".342","92.7","16505"
"Willson Contreras","Cubs","46","182","160","42","8","1","7","25","24","17","43","1","0",".264",".345",".465",".810",".342","113.3","11609"
"Yoan Moncada","White Sox","53","223","198","53","11","1","9","32","28","20","64","5","1",".268",".340",".475",".815",".341","69.8","17232"
"Jose Abreu","White Sox","55","230","210","58","11","1","10","30","32","14","47","1","0",".277",".334",".483",".817",".341","76.6","15676"
"Alex Verdugo","Red Sox","47","199","180","52","13","1","5","27","25","16","27","2","1",".290",".349",".460",".809",".341","198.3","17027"
"J.T. Realmuto","Phillies","53","209","191","52","10","1","9","29","28","14","43","3","1",".275",".331",".483",".814",".340","44.0","11739"
"Mark Canha","Athletics","48","201","174","43","9","1","9","27","25","21","46","1","0",".247",".342",".462",".804",".340","234.5","11445"
"Javier Baez","Cubs","56","240","223","61","12","1","12","35","36","13","63","5","2",".275",".319",".507",".825",".340","34.4","12979"
"Luis Arraez","Twins","48","205","185","59","12","1","2","26","22","16","18","2","1",".317",".372",".420",".792",".339","252.4","18568"
"David Dahl","Rockies","48","203","186","51","12","2","8","29","27","14","52","3","1",".275",".328",".489",".816",".339","149.5","13744"
"Luke Voit","Yankees","37","159","139","36","6","0","7","21","20","17","40","0","0",".257",".344",".457",".801",".339","184.2","14811"
"Matt Olson","Athletics","55","230","200","48","11","0","13","30","33","25","60","0","0",".238",".330",".485",".815",".339","51.3","14344"
"Yasiel Puig","","25","106","95","25","5","1","5","15","14","9","22","3","1",".264",".332",".476",".808",".338","234.6","14225"
"Yoenis Cespedes","Mets","41","173","156","40","7","1","10","24","26","13","42","1","0",".256",".318",".504",".822",".338","255.6","13110"
"Adam Eaton","Nationals","52","221","192","54","10","2","4","30","22","21","36","4","1",".282",".364",".421",".785",".338","205.7","11205"
"Howie Kendrick","Nationals","48","205","188","55","10","1","7","27","27","14","34","2","1",".290",".342",".458",".800",".337","249.0","4229"
"Trea Turner","Nationals","55","236","215","61","12","2","7","36","28","18","46","14","3",".284",".340",".460",".801",".337","8.2","16252"
"Brandon Nimmo","Mets","46","195","164","40","8","1","6","27","20","26","52","2","1",".243",".359",".423",".783",".337","390.0","12927"
"Matt Carpenter","Cardinals","52","220","185","44","10","1","9","28","28","31","54","1","1",".237",".351",".442",".793",".337","421.2","8090"
"A.J. Pollock","Dodgers","40","174","158","41","9","1","8","26","24","13","36","4","1",".263",".326",".480",".806",".336","312.0","9256"
"Aaron Hicks","Yankees","40","172","148","36","7","0","8","24","21","21","38","2","1",".245",".342",".452",".794",".336","325.5","5297"
"Jordan Luplow","Indians","23","97","85","22","5","0","4","13","13","10","21","1","0",".255",".341",".458",".798",".336","594.4","16424"
"Domingo Santana","Indians","31","131","114","29","6","0","5","17","17","14","40","2","1",".258",".345",".443",".787",".335","306.7","10348"
"Starling Marte","Marlins","51","214","197","56","10","2","7","31","24","11","39","10","2",".285",".336",".459",".795",".335","27.8","9241"
"Bryan Reynolds","Pirates","52","219","197","55","12","1","6","28","27","18","49","2","1",".279",".344",".446",".790",".334","191.1","19326"
"Matt Kemp","Rockies","16","69","63","17","4","0","3","9","10","4","16","0","0",".276",".324",".478",".802",".334","590.2","5631"
"C.J. Cron","Tigers","50","207","188","49","9","1","10","26","29","13","45","1","0",".261",".322",".477",".799",".334","199.9","12546"
"Andrew Benintendi","Red Sox","54","230","202","54","14","1","6","31","26","24","44","5","1",".268",".347",".440",".787",".334","122.5","17901"
"Omar Narvaez","Brewers","34","132","115","31","5","0","4","16","16","14","23","0","0",".269",".351",".429",".780",".333","187.9","13338"
"Steven Souza Jr.","","29","126","110","27","5","0","5","18","16","14","35","2","1",".244",".337",".447",".784",".333","582.2","5667"
"Bo Bichette","Blue Jays","53","222","203","57","14","1","7","30","26","15","48","7","2",".281",".333",".460",".792",".333","49.7","19612"
"Daniel Murphy","Rockies","46","193","177","50","12","1","6","24","26","13","28","1","0",".284",".334",".463",".797",".333","245.5","4316"
"Marcus Semien","Athletics","58","242","215","56","12","1","9","32","28","24","41","4","1",".262",".337",".451",".788",".333","97.7","12533"
"Paul DeJong","Cardinals","58","245","220","56","12","1","11","32","35","19","57","2","1",".253",".323",".471",".794",".332","186.6","18015"
"Ji-Man Choi","Rays","40","170","146","36","7","0","6","21","21","21","39","1","0",".248",".345",".436",".781",".332","558.3","5452"
"Justin Smoak","","46","195","165","38","7","0","9","25","26","27","45","0","0",".232",".343",".437",".780",".332","434.3","9054"
"Tyler Nevin","Orioles","1","3","3","1","0","0","0","0","0","0","1","0","0",".282",".340",".443",".784",".332","999.0","sa874752"
"Jorge Polanco","Twins","55","236","212","59","12","2","7","31","27","19","39","3","1",".279",".339",".448",".787",".332","160.3","13152"
"Nate Lowe","Rays","4","18","15","4","1","0","1","2","2","2","4","0","0",".259",".342",".440",".782",".332","557.8","19566"
"DJ LeMahieu","Yankees","53","228","208","60","9","1","6","30","26","17","34","2","1",".290",".345",".434",".780",".332","71.9","9874"
"Michael Brantley","Astros","50","217","195","55","12","1","6","28","27","18","25","2","1",".283",".346",".437",".783",".331","131.8","4106"
"Victor Robles","Nationals","53","229","205","56","12","2","7","33","26","14","48","11","3",".273",".340",".444",".784",".331","70.7","18363"
"Justin Upton","Angels","52","220","192","46","8","0","11","30","30","24","65","2","1",".239",".328",".458",".786",".331","210.1","5222"
"Alex Avila","Twins","20","80","66","15","3","0","3","11","10","13","27","0","0",".226",".354",".421",".775",".331","596.9","7476"
"Kurt Suzuki","Nationals","26","103","94","25","5","0","4","13","15","6","13","0","0",".269",".326",".464",".789",".331","350.8","8259"
"Miguel Andujar","Yankees","41","174","161","44","9","1","7","23","23","9","29","1","0",".274",".318",".477",".795",".331","285.6","15878"
"Eddie Rosario","Twins","50","213","199","55","11","1","9","28","30","11","34","2","1",".278",".315",".485",".800",".331","99.9","12155"
"Nick Senzel","Reds","46","196","177","47","11","1","6","28","23","16","47","5","1",".268",".331",".455",".786",".331","201.6","19293"
"Mitch Haniger","Mariners","19","79","70","17","3","0","4","10","10","7","20","1","0",".246",".328",".456",".784",".330","578.7","14274"
"Chris Taylor","Dodgers","26","111","99","26","6","1","4","16","13","10","30","2","1",".263",".333",".448",".781",".330","470.3","13757"
"Isaac Paredes","Tigers","7","30","27","7","2","0","1","4","3","2","4","0","0",".274",".340",".434",".775",".329","600.9","20036"
"Yoshitomo Tsutsugo","Rays","40","170","147","35","8","0","8","21","22","20","49","0","0",".237",".332",".448",".780",".329","425.5","27459"
"Austin Riley","Braves","38","161","147","37","8","0","9","21","24","11","49","1","0",".253",".310",".486",".796",".329","282.0","18360"
"Asdrubal Cabrera","Nationals","40","172","155","40","9","0","7","22","24","15","34","1","0",".261",".328",".455",".783",".329","543.4","4962"
"Will Smith","Dodgers","35","140","123","29","6","0","7","19","20","13","37","1","0",".238",".321",".463",".784",".329","162.7","19197"
"Keston Hiura","Brewers","53","226","205","53","12","1","9","30","30","16","64","4","1",".261",".325",".461",".785",".329","39.9","20003"
"Brandon Lowe","Rays","50","210","187","46","10","1","9","27","27","19","59","2","1",".248",".323",".458",".782",".329","209.5","18882"
"Alex Kirilloff","Twins","3","13","12","3","1","0","0","2","2","1","2","0","0",".284",".333",".449",".782",".329","999.0","sa917929"
"Mike Ford","Yankees","16","66","58","14","3","0","3","8","9","7","13","0","0",".244",".331",".450",".781",".328","594.0","15585"
"Ryan McMahon","Rockies","46","193","173","45","11","1","7","26","25","17","55","2","1",".257",".326",".457",".783",".328","172.6","15112"
"Hunter Renfroe","Rays","44","184","168","40","8","0","11","24","29","14","52","1","0",".238",".301",".493",".794",".328","266.2","15464"
"J.D. Davis","Mets","46","195","177","46","9","0","8","25","25","15","47","1","0",".261",".324",".456",".780",".328","159.0","16219"
"Gavin Lux","Dodgers","38","166","150","40","8","1","5","23","20","14","36","3","1",".269",".333",".442",".774",".327","187.3","19955"
"Avisail Garcia","Brewers","48","205","187","50","9","1","8","27","27","14","48","3","1",".268",".326",".452",".778",".327","201.4","5760"
"Ty France","Mariners","17","74","66","17","4","0","2","9","9","5","14","0","0",".262",".333",".437",".770",".327","590.6","17982"
"Wil Myers","Padres","52","219","194","47","10","1","9","30","27","22","63","7","2",".245",".326",".446",".772",".327","240.2","10047"
"Cesar Hernandez","Indians","49","210","188","53","8","2","4","27","22","19","35","3","1",".284",".353",".407",".760",".326","245.0","10556"
"Alec Bohm","Phillies","22","91","83","22","4","0","3","12","12","7","16","1","0",".269",".327",".449",".776",".326","999.0","21618"
"Ryan Braun","Brewers","51","218","198","52","11","1","8","29","28","16","44","4","1",".263",".324",".453",".778",".326","218.0","3410"
"David Peralta","Diamondbacks","48","202","182","49","9","2","6","26","24","16","40","1","0",".268",".333",".441",".774",".326","248.9","2136"
"Nomar Mazara","White Sox","44","187","169","43","8","0","8","23","25","15","41","1","0",".257",".324",".455",".779",".326","281.3","14553"
"Khris Davis","Athletics","54","227","201","47","8","0","13","29","33","22","63","0","0",".232",".313",".468",".781",".326","176.8","9112"
"Robinson Chirinos","Mets","35","133","114","26","5","0","6","16","16","14","39","0","0",".226",".327",".436",".763",".325","353.4","3142"
"Brendan Rodgers","Rockies","29","122","112","31","7","1","4","15","15","7","27","1","0",".276",".326",".447",".773",".325","535.9","17907"
"Ramon Laureano","Athletics","49","206","186","47","10","1","8","28","24","16","56","5","1",".252",".320",".453",".773",".325","83.3","17128"
"Jonathan Schoop","Tigers","50","207","193","51","10","1","10","25","29","10","46","1","0",".264",".308",".471",".779",".325","363.1","11265"
"Logan Morrison","","19","82","72","17","3","0","4","10","12","8","18","0","0",".235",".321",".450",".771",".324","600.2","9205"
"Eduardo Escobar","Diamondbacks","54","227","207","54","12","2","9","28","30","16","44","1","1",".259",".315",".466",".781",".324","127.0","6153"
"Cavan Biggio","Blue Jays","49","206","174","40","9","1","7","27","22","29","58","4","1",".229",".341",".413",".754",".324","126.6","19252"
"Dexter Fowler","Cardinals","47","199","171","41","8","1","6","26","22","24","47","3","1",".242",".342",".413",".754",".324","589.6","4062"
"Enrique Hernandez","Dodgers","26","114","102","25","5","0","5","15","15","10","23","1","0",".249",".321",".452",".773",".324","564.7","10472"
"Daniel Vogelbach","Brewers","36","148","126","28","5","0","6","17","19","20","37","0","0",".224",".335",".422",".757",".323","566.8","14130"
"Jay Bruce","Phillies","40","168","151","36","7","1","9","22","25","14","40","1","0",".236",".303",".478",".781",".323","547.5","9892"
"Starlin Castro","Nationals","47","203","190","53","9","0","7","25","28","11","34","1","0",".282",".322",".448",".770",".323","239.5","4579"
"Jose Martinez","Cubs","25","103","93","25","4","0","3","12","12","9","21","1","0",".273",".338",".418",".756",".323","554.9","7996"
"Brad Miller","Cardinals","26","109","97","23","4","1","5","14","14","11","29","1","0",".240",".321",".447",".768",".323","600.9","12775"
"Yuli Gurriel","Astros","54","232","215","59","14","1","7","30","30","12","28","2","1",".276",".322",".446",".769",".323","158.7","19198"
"Yermin Mercedes","White Sox","3","13","12","3","1","0","0","2","2","1","3","0","0",".262",".322",".450",".772",".323","999.0","17423"
"Luis Robert","White Sox","51","215","198","52","11","2","8","29","27","12","59","6","2",".262",".311",".463",".774",".323","75.6","20043"
"Lorenzo Cain","Brewers","52","221","198","55","11","1","4","29","22","19","37","7","2",".277",".347",".400",".747",".322","176.8","9077"
"Marwin Gonzalez","Twins","41","174","157","42","8","0","6","22","21","14","36","1","0",".266",".330",".431",".761",".322","547.6","5497"
"Travis Shaw","Blue Jays","40","169","146","33","7","0","8","21","22","20","42","1","0",".229",".325",".439",".763",".322","434.5","11982"
"Yandy Diaz","Rays","48","202","178","47","8","1","5","24","20","22","38","1","0",".267",".349",".397",".746",".322","285.5","16578"
"Mitch Moreland","Padres","41","176","156","38","8","0","7","23","23","17","39","0","0",".243",".321",".442",".763",".322","572.4","3086"
"Ian Happ","Cubs","43","183","160","38","8","1","7","24","23","21","55","3","1",".237",".328",".432",".760",".321","271.4","17919"
"Tyler Flowers","Braves","25","96","83","20","3","0","4","12","12","9","29","0","0",".241",".331",".421",".751",".321","579.8","9134"
"Nick Solak","Rangers","42","175","157","41","7","1","6","21","19","15","41","2","1",".259",".330",".422",".753",".321","284.6","19294"
"Jackie Bradley Jr.","Red Sox","49","207","181","44","10","1","8","28","24","20","53","4","1",".240",".326",".433",".759",".321","567.5","12984"
"Dylan Carlson","Cardinals","43","181","161","42","9","1","6","23","21","16","40","3","1",".257",".330",".429",".759",".321","999.0","20126"
"Byron Buxton","Twins","48","205","186","48","11","3","7","30","23","14","53","9","2",".256",".313",".453",".767",".321","165.5","14161"
"Nico Hoerner","Cubs","36","154","142","41","8","1","3","19","17","9","20","2","1",".285",".333",".422",".756",".321","555.3","21479"
"Christian Walker","Diamondbacks","49","204","182","44","10","1","9","26","27","18","54","1","1",".242",".317",".448",".764",".320","206.3","13419"
"Brandon Belt","Giants","46","189","163","39","9","1","6","22","21","23","42","1","1",".238",".336",".413",".750",".320","573.6","10264"
"Tyler Naquin","Indians","29","126","115","31","6","1","4","16","16","8","29","1","0",".269",".323",".439",".762",".320","593.7","13359"
"Carter Kieboom","Nationals","48","205","184","48","10","1","6","26","25","18","49","2","1",".260",".330",".423",".753",".320","307.1","19958"
"Didi Gregorius","Phillies","50","211","194","51","9","1","9","27","28","13","31","2","1",".262",".312",".455",".766",".320","231.9","6012"
"Kolten Wong","Cardinals","49","209","183","49","9","2","4","27","20","17","32","6","2",".266",".344",".404",".749",".320","217.0","12532"
"Randal Grichuk","Blue Jays","47","199","183","44","10","1","10","25","28","12","53","1","0",".241",".295",".476",".772",".320","275.8","10243"
"Tyler O'Neill","Cardinals","43","181","164","39","8","1","9","23","26","14","58","2","0",".240",".306",".460",".766",".320","506.6","15711"
"Carson Kelly","Diamondbacks","40","152","133","33","7","0","6","18","19","16","30","0","0",".247",".331",".429",".761",".320","207.7","13620"
"Jake Bauers","Indians","10","41","35","9","2","0","1","5","5","4","10","1","0",".246",".333",".415",".748",".320","590.8","15194"
"Shogo Akiyama","Reds","47","199","178","46","10","1","5","25","21","19","42","2","1",".261",".335",".412",".747",".319","260.9","27461"
"Tim Anderson","White Sox","56","235","223","63","11","1","8","32","28","9","53","7","2",".283",".313",".449",".762",".319","95.5","15172"
"Trent Grisham","Padres","49","208","181","44","9","2","6","27","23","23","47","3","1",".244",".332",".419",".751",".319","298.4","18564"
"Whit Merrifield","Royals","57","237","217","61","13","2","5","30","25","15","40","8","2",".279",".330",".425",".755",".319","60.9","11281"
"Chris Iannetta","Yankees","11","44","39","9","2","0","2","6","6","5","12","0","0",".231",".324",".429",".753",".319","600.2","8267"
"Luis Urias","Brewers","43","184","162","42","9","1","4","22","19","17","38","1","1",".259",".342",".398",".741",".319","511.7","16622"
"Brett Gardner","Yankees","44","190","167","42","8","1","6","26","19","19","36","4","1",".251",".331",".414",".745",".319","432.4","9927"
"Kyle Tucker","Astros","38","166","149","37","8","1","7","23","21","14","40","5","1",".246",".314",".447",".762",".319","174.8","18345"
"Abraham Toro","Astros","5","23","20","5","1","0","1","3","3","2","5","0","0",".250",".325",".428",".752",".319","599.5","19844"
"Hunter Dozier","Royals","53","222","200","50","12","2","8","27","27","19","60","1","0",".247",".316",".441",".757",".319","199.0","15117"
"Willy Adames","Rays","53","225","202","52","10","1","7","28","25","20","58","3","1",".259",".326",".426",".752",".319","403.5","15986"
"Mike Brosseau","Rays","6","25","23","6","1","0","1","3","3","2","6","0","0",".260",".322",".430",".752",".319","999.0","19683"
"Wilmer Flores","Giants","26","109","101","28","5","0","3","12","14","6","13","0","0",".274",".322",".433",".755",".318","589.3","5827"
"Shin-Soo Choo","Rangers","51","213","183","44","9","1","6","25","21","24","53","2","1",".240",".340",".396",".736",".318","229.4","3174"
"Christian Arroyo","Red Sox","7","31","28","8","2","0","1","4","4","2","6","0","0",".269",".326",".426",".752",".318","999.0","16434"
"Harrison Bader","Cardinals","39","165","146","36","7","1","6","22","19","15","45","4","1",".244",".325",".425",".750",".318","561.3","18030"
"Salvador Perez","Royals","46","175","163","41","8","0","9","20","26","8","35","0","0",".253",".295",".473",".768",".318","161.5","7304"
"Jake Lamb","Diamondbacks","37","157","136","32","7","1","6","20","18","18","40","1","0",".233",".327",".423",".751",".318","537.7","13329"
"Yonathan Daza","","7","30","28","8","2","0","0","4","3","1","5","1","0",".295",".330",".420",".750",".318","999.0","15794"
"Scooter Gennett","","6","26","24","6","1","0","1","3","3","2","6","0","0",".263",".314",".445",".759",".318","598.0","10339"
"Greg Bird","","5","22","19","4","1","0","1","3","3","2","6","0","0",".226",".319",".434",".753",".318","599.0","14131"
"Jurickson Profar","Padres","50","214","189","47","10","1","7","26","25","19","31","3","1",".248",".326",".422",".748",".318","513.2","10815"
"Stephen Piscotty","Athletics","44","187","167","42","9","0","7","23","22","16","39","1","0",".249",".321",".428",".749",".318","533.0","13367"
"Danny Jansen","Blue Jays","31","118","104","26","6","0","4","14","14","10","23","1","0",".245",".323",".427",".749",".318","252.1","16535"
"Todd Frazier","Mets","46","191","168","39","7","0","8","23","23","18","41","2","1",".234",".318",".431",".749",".318","559.0","785"
"Aristides Aquino","Reds","25","105","96","23","5","1","6","14","15","7","30","1","0",".238",".293",".476",".769",".318","483.0","15482"
"Gregory Polanco","Pirates","42","176","157","38","8","1","7","22","23","17","40","3","1",".243",".319",".437",".757",".318","391.7","12907"
"Brian Anderson","Marlins","56","232","207","52","11","1","7","26","26","19","51","1","1",".253",".328",".417",".744",".318","225.5","18289"
"David Bote","Cubs","22","93","82","20","4","0","3","12","11","9","23","1","0",".248",".328",".419",".748",".318","585.6","14593"
"Miguel Cabrera","Tigers","48","200","178","48","9","0","5","22","22","19","39","0","0",".268",".339",".407",".746",".318","403.7","1744"
"Robinson Cano","Mets","48","203","185","49","11","0","7","24","25","15","34","0","0",".264",".321",".435",".756",".317","444.1","3269"
"Russell Martin","","11","43","36","8","1","0","1","5","5","5","11","0","0",".230",".340",".390",".730",".317","999.0","4616"
"Garrett Hampson","Rockies","29","125","113","31","6","2","3","17","12","9","27","5","1",".273",".329",".419",".748",".317","175.1","19262"
"Bobby Dalbec","Red Sox","4","18","16","4","1","0","1","2","2","2","6","0","0",".231",".312",".445",".757",".317","599.9","19966"
"Jake Cave","Twins","11","49","44","11","2","0","1","6","6","4","14","0","0",".258",".322",".427",".749",".317","599.5","14477"
"Corey Dickerson","Marlins","45","187","173","46","10","1","6","21","23","11","37","2","1",".267",".314",".448",".762",".317","300.5","10762"
"Dansby Swanson","Braves","52","222","198","51","11","1","7","29","26","19","49","4","1",".258",".326",".429",".756",".317","254.4","18314"
"Michael Chavis","Red Sox","40","168","153","37","7","0","8","22","23","12","52","1","0",".243",".305",".452",".758",".317","344.1","17321"
"Travis d'Arnaud","Braves","32","126","115","29","6","0","5","16","16","9","26","0","0",".254",".314",".438",".752",".317","253.8","7739"
"Jason Heyward","Cubs","47","204","180","46","8","1","5","25","22","21","34","2","1",".257",".337",".403",".740",".317","560.9","4940"
"Matt Adams","","24","102","93","22","4","0","6","13","15","8","30","0","0",".234",".296",".467",".763",".317","600.1","9393"
"Victor Caratini","Cubs","37","152","135","35","7","0","4","18","17","14","31","0","0",".260",".333",".406",".740",".316","433.8","14968"
"Rowdy Tellez","Blue Jays","33","138","124","30","7","0","6","16","18","12","34","1","0",".243",".312",".442",".755",".316","553.0","15679"
"Daulton Varsho","Diamondbacks","1","5","4","1","0","0","0","1","1","0","1","0","0",".256",".318",".433",".751",".316","580.3","19918"
"Jesus Aguilar","Marlins","38","160","141","34","6","0","7","18","21","15","39","0","0",".239",".316",".431",".747",".316","483.1","11342"
"Ryon Healy","Brewers","3","13","12","3","1","0","1","2","2","1","3","0","0",".255",".304",".449",".753",".316","600.9","15447"
"Jed Lowrie","Mets","17","72","64","16","4","0","2","8","8","7","15","0","0",".248",".324",".417",".741",".315","600.6","4418"
"Aledmys Diaz","Astros","16","67","61","16","3","0","2","8","8","5","10","1","0",".258",".317",".430",".747",".315","590.0","15937"
"Renato Nunez","Orioles","52","212","192","46","9","0","10","25","27","15","54","1","0",".240",".303",".450",".752",".315","302.1","14503"
"Nick Madrigal","White Sox","43","180","165","48","10","1","2","22","17","11","9","5","2",".292",".342",".395",".738",".315","333.2","20521"
"Teoscar Hernandez","Blue Jays","46","191","172","40","9","1","9","25","25","16","59","3","1",".233",".303",".450",".753",".315","367.6","13066"
"Johan Camargo","Braves","33","140","128","34","7","0","5","17","17","10","27","0","0",".263",".318",".431",".749",".315","573.7","14950"
"Adam Frazier","Pirates","50","212","192","53","11","1","3","25","22","16","28","3","1",".276",".336",".402",".738",".315","557.3","15223"
"Christin Stewart","Tigers","37","152","134","32","7","1","6","18","18","15","37","0","0",".236",".321",".422",".743",".315","595.0","17714"
"Garrett Cooper","Marlins","37","155","141","37","7","0","5","17","18","11","38","0","0",".260",".322",".419",".741",".315","506.3","15279"
"Yadiel Hernandez","Nationals","2","10","9","2","0","0","0","1","1","1","2","0","0",".257",".330",".414",".744",".315","999.0","sa724030"
"Lourdes Gurriel Jr.","Blue Jays","49","204","190","49","10","1","8","25","26","10","48","3","1",".259",".303",".449",".751",".314","155.7","19238"
"Mike Tauchman","Yankees","19","82","73","18","4","0","2","11","9","8","18","1","1",".252",".327",".410",".737",".314","558.8","15274"
"Kole Calhoun","Diamondbacks","47","200","176","42","8","1","7","24","24","20","45","1","0",".239",".322",".419",".741",".314","429.2","11200"
"Adam Duvall","Braves","33","140","126","29","6","0","7","18","20","10","36","1","0",".231",".297",".459",".757",".314","583.5","10950"
"Dominic Smith","Mets","31","132","120","30","6","0","5","16","16","10","32","1","0",".252",".315",".429",".744",".314","561.5","15653"
"Tim Beckham","","14","62","57","14","3","0","3","8","8","4","18","1","0",".247",".305",".440",".746",".314","600.6","7949"
"Kevin Cron","Diamondbacks","19","78","70","16","4","0","4","9","11","6","22","0","0",".234",".304",".450",".754",".314","576.6","16211"
"Cameron Maybin","Cubs","40","168","149","38","7","1","4","21","15","17","37","5","2",".255",".333",".393",".726",".313","551.7","5223"
"Josh VanMeter","Diamondbacks","11","46","41","10","2","0","1","6","5","4","10","1","0",".247",".320",".420",".740",".313","599.4","15170"
"Matt Joyce","Marlins","29","119","102","24","5","0","4","13","13","16","25","0","0",".231",".336",".388",".723",".313","600.4","3353"
"Jason Kipnis","Cubs","23","101","89","22","5","0","3","12","11","9","19","1","0",".248",".321",".416",".737",".313","584.5","9776"
"Curt Casali","Reds","23","89","79","19","4","0","3","11","11","8","21","0","0",".244",".322",".412",".734",".313","597.6","12510"
"Tommy La Stella","Athletics","31","133","120","31","6","0","4","15","16","10","17","0","0",".260",".322",".413",".735",".313","329.3","12371"
"Tommy Edman","Cardinals","40","168","155","42","8","2","4","22","18","11","29","4","1",".270",".321",".417",".737",".312","130.9","19470"
"Josh Naylor","Indians","40","168","152","39","8","1","5","19","20","14","29","1","0",".259",".324",".414",".738",".312","594.3","18839"
"Yan Gomes","Nationals","31","122","110","27","5","0","5","15","17","9","30","0","0",".245",".310",".434",".744",".312","540.6","9627"
"Randy Arozarena","Rays","6","25","23","6","1","0","1","3","3","2","6","1","0",".255",".324",".407",".731",".312","600.2","19290"
"LaMonte Wade Jr.","Twins","2","8","7","2","0","0","0","1","1","1","1","0","0",".248",".341",".377",".718",".312","999.0","18126"
"Clint Frazier","Yankees","8","36","32","8","2","0","1","5","4","3","9","0","0",".246",".309",".432",".741",".312","571.1","15983"
"Esteban Quiroz","Rays","1","5","4","1","0","0","0","1","1","1","1","0","0",".235",".325",".404",".729",".312","999.0","sa596560"
"Chance Sisco","Orioles","29","108","95","23","5","0","3","12","11","10","31","0","0",".241",".325",".400",".725",".312","561.9","15694"
"Lucas Duda","","8","36","32","7","2","0","2","4","5","4","10","0","0",".221",".309",".433",".742",".312","999.0","2502"
"Daniel Johnson Jr.","Indians","6","26","23","6","1","0","1","3","3","2","6","0","0",".256",".314",".423",".737",".312","600.6","19643"
"Matt Beaty","Dodgers","23","98","90","24","5","0","3","12","12","6","14","1","0",".266",".320",".417",".737",".312","589.1","17710"
"Willie Calhoun","Rangers","44","183","166","41","9","0","7","20","22","14","28","1","0",".247",".309",".433",".742",".312","202.3","17838"
"Neil Walker","Phillies","16","66","58","14","3","0","2","8","8","6","14","0","0",".245",".323",".408",".731",".311","599.7","7539"
"Zack Cozart","","15","65","58","14","3","0","2","8","8","5","11","0","0",".245",".314",".418",".732",".311","999.0","2616"
"Billy McKinney","Blue Jays","7","27","24","6","1","0","1","3","3","2","7","0","0",".238",".309",".427",".737",".311","999.0","15654"
"Jo Adell","Angels","24","102","94","23","5","0","4","13","12","7","30","1","0",".249",".306",".429",".736",".311","304.1","20220"
"Adam Haseley","Phillies","38","163","148","39","8","1","4","20","18","12","35","2","1",".262",".323",".408",".731",".311","585.4","19878"
"Austin Dean","Cardinals","2","8","7","2","0","0","0","1","1","1","2","0","0",".261",".315",".419",".734",".311","999.0","18288"
"Jeimer Candelario","Tigers","42","175","154","36","9","1","5","20","19","17","42","1","0",".235",".318",".409",".728",".311","586.2","13621"
"Cesar Puello","Red Sox","1","3","3","1","0","0","0","0","0","0","1","0","0",".250",".332",".385",".716",".311","999.0","7216"
"Kevin Pillar","Rockies","25","104","98","26","6","0","3","14","13","4","16","3","1",".267",".304",".438",".742",".310","548.0","12434"
"Willians Astudillo","Twins","7","30","28","8","1","0","1","3","4","1","2","0","0",".281",".318",".417",".735",".310","570.2","15608"
"Jean Segura","Phillies","50","211","196","56","9","1","4","27","22","10","27","6","2",".283",".325",".405",".729",".310","209.4","5933"
"Francisco Mejia","Padres","41","162","149","38","8","1","5","19","20","10","33","1","0",".258",".310",".428",".738",".310","236.3","16403"
"Jose Osuna","Pirates","29","121","110","28","7","0","3","14","15","8","23","1","0",".257",".312",".422",".734",".310","584.6","12937"
"Ben Gamel","Brewers","15","64","57","15","3","0","1","8","6","6","15","1","0",".258",".334",".387",".721",".310","999.0","12160"
"Daniel Robertson","Giants","12","51","44","11","2","0","1","6","5","5","12","0","0",".246",".336",".374",".710",".310","999.0","14145"
"Raimel Tapia","Rockies","38","163","152","42","9","2","3","21","18","9","34","4","1",".276",".316",".419",".734",".310","551.4","14350"
"Jedd Gyorko","Brewers","19","79","71","17","3","0","3","9","10","8","18","0","0",".235",".312",".415",".727",".309","599.8","10816"
"D.J. Stewart","Orioles","39","160","141","33","7","0","5","19","16","15","36","3","1",".235",".319",".406",".725",".309","598.6","17766"
"Taylor Ward","Angels","3","13","11","3","0","0","0","2","1","1","3","0","0",".240",".324",".395",".720",".309","999.0","17548"
"Yusniel Diaz","Orioles","8","32","29","7","1","0","1","4","3","3","8","0","0",".250",".316",".411",".727",".309","999.0","sa912848"
"Bradley Zimmer","Indians","20","87","77","18","4","0","3","12","10","8","28","3","1",".234",".315",".410",".725",".309","595.7","16221"
"Ben Zobrist","","5","21","18","5","1","0","0","2","2","2","3","0","0",".249",".332",".384",".715",".309","999.0","7435"
"Eric Hosmer","Padres","52","221","201","52","9","1","7","26","26","18","47","1","1",".260",".321",".407",".728",".309","253.7","3516"
"Andy Young","Diamondbacks","2","8","7","2","0","0","0","1","1","0","2","0","0",".239",".309",".418",".726",".309","999.0","19521"
"Kyle Seager","Mariners","50","208","187","44","9","1","8","22","27","18","42","1","0",".235",".306",".427",".733",".309","433.9","9785"
"Rangel Ravelo","Cardinals","1","3","3","1","0","0","0","0","0","0","1","0","0",".257",".325",".395",".720",".309","999.0","10839"
"Wilson Ramos","Mets","39","151","138","37","5","0","5","17","18","11","24","0","0",".265",".320",".407",".727",".308","174.7","1433"
"Rougned Odor","Rangers","49","203","183","42","8","1","10","26","25","15","56","5","2",".227",".295",".444",".739",".308","231.5","12282"
"Ender Inciarte","Braves","44","189","170","46","8","1","3","25","17","16","28","7","2",".269",".334",".383",".716",".308","489.3","4922"
"Phillip Ervin","Mariners","21","90","80","19","4","1","3","12","9","7","21","2","1",".241",".315",".408",".723",".308","600.7","14738"
"Alex Dickerson","Giants","38","156","141","35","9","1","4","17","18","12","32","1","0",".250",".317",".414",".731",".308","584.6","12649"
"Evan Longoria","Giants","47","194","177","44","9","1","7","22","24","13","41","1","0",".250",".308",".422",".730",".308","566.0","9368"
"Chad Pinder","Athletics","16","65","59","14","3","0","2","8","8","4","17","0","0",".244",".305",".423",".728",".308","597.7","15191"
"Austin Slater","Giants","18","75","67","17","3","0","2","9","7","7","20","1","0",".254",".330",".383",".713",".308","999.0","16153"
"Manuel Margot","Rays","34","144","131","34","7","1","4","19","15","11","27","5","1",".255",".314",".414",".728",".308","564.2","14712"
"Austin Barnes","Dodgers","23","92","81","19","4","0","2","12","10","9","20","1","0",".240",".327",".388",".715",".308","586.6","12158"
"Austin Hays","Orioles","44","180","168","42","9","1","7","21","21","9","43","2","1",".253",".296",".439",".735",".308","271.5","19363"
"Josh Rojas","Diamondbacks","14","58","52","13","3","1","1","8","6","5","11","2","1",".248",".318",".404",".722",".308","589.5","19734"
"Eric Sogard","Brewers","26","113","100","25","5","0","2","13","11","11","18","1","0",".254",".332",".382",".714",".307","582.7","7927"
"Francisco Cervelli","Marlins","31","124","108","26","4","1","3","14","12","12","31","1","0",".242",".331",".374",".705",".307","597.9","5275"
"Colin Moran","Pirates","41","174","158","41","8","0","5","19","21","13","38","0","0",".259",".319",".405",".725",".307","573.4","16909"
"Matt Duffy","Yankees","1","5","4","1","0","0","0","1","0","0","1","0","0",".273",".338",".368",".706",".307","601.0","13836"
"Brent Rooker","Twins","1","5","4","1","0","0","0","1","1","0","2","0","0",".234",".308",".415",".723",".307","999.0","19627"
"Niko Goodrum","Tigers","50","210","189","46","10","2","6","26","23","18","58","5","1",".242",".311",".413",".723",".307","283.6","12092"
"Zack Collins","White Sox","2","10","8","2","0","0","0","1","1","1","3","0","0",".213",".320",".392",".712",".307","600.9","19181"
"Daniel Descalso","Cubs","6","26","22","5","1","0","1","3","3","3","7","0","0",".226",".326",".383",".709",".306","999.0","8392"
"Jonathan Arauz","Red Sox","10","43","40","10","3","0","1","5","5","3","9","0","0",".253",".309",".416",".725",".306","999.0","20275"
"Stephen Vogt","Diamondbacks","32","130","118","29","6","1","4","15","16","10","27","1","0",".242",".304",".425",".729",".306","563.7","5000"
"Tucker Barnhart","Reds","33","128","112","28","5","0","3","15","13","14","26","0","0",".246",".330",".387",".717",".306","484.7","10200"
"Wyatt Mathisen","Diamondbacks","1","3","3","1","0","0","0","0","0","0","1","0","0",".238",".316",".396",".712",".306","999.0","14555"
"Ehire Adrianza","Twins","8","36","32","8","2","0","1","4","4","3","7","0","0",".259",".324",".392",".716",".306","596.0","8418"
"Ramon Urias","Orioles","5","20","18","4","1","0","1","2","2","1","5","0","0",".246",".316",".398",".714",".306","999.0","18795"
"Cristian Pache","","6","26","24","6","1","0","1","3","3","1","6","0","0",".264",".308",".417",".725",".306","999.0","19948"
"Mark Trumbo","","7","28","26","6","1","0","1","3","4","2","7","0","0",".235",".296",".430",".725",".306","999.0","6876"
"Derek Fisher","Blue Jays","28","116","101","23","5","0","4","15","12","13","37","3","1",".225",".315",".399",".714",".306","598.6","16192"
"Brock Holt","Nationals","26","110","97","25","4","1","2","13","10","11","22","1","0",".255",".337",".363",".700",".306","599.0","9345"
"Elias Diaz","Rockies","6","24","22","6","1","0","0","3","3","1","4","0","0",".271",".320",".395",".715",".305","599.9","11680"
"Giovanny Urshela","Yankees","46","196","183","47","9","0","6","23","23","11","34","0","0",".260",".304",".420",".724",".305","233.3","10681"
"Ryan O'Hearn","Royals","36","149","133","31","7","0","5","17","18","14","40","0","0",".232",".307",".415",".722",".305","591.2","16442"
"Ryan Mountcastle","Orioles","24","99","93","24","5","0","4","11","12","5","25","1","0",".259",".296",".434",".731",".305","556.8","18373"
"Tim Locastro","Diamondbacks","11","48","43","11","2","0","1","6","4","3","9","2","0",".253",".325",".379",".704",".305","598.8","15124"
"Danny Santana","Rangers","49","203","189","46","9","2","8","26","23","11","59","6","2",".245",".291",".441",".732",".305","139.4","10322"
"Maikel Franco","Royals","40","165","150","38","8","0","6","17","22","12","22","0","0",".252",".310",".429",".739",".305","529.1","12179"
"Oscar Mercado","Indians","47","200","181","46","10","1","5","26","20","14","39","8","2",".255",".314",".401",".716",".305","125.1","16375"
"Christian Vazquez","Red Sox","41","162","148","39","7","0","5","19","19","10","31","2","1",".262",".311",".410",".721",".305","203.6","9774"
"Roberto Perez","Indians","40","157","136","31","5","0","6","19","18","17","45","1","0",".226",".314",".399",".712",".305","290.0","2900"
"Bobby Bradley","Indians","2","8","7","2","0","0","0","1","1","1","3","0","0",".224",".299",".428",".727",".305","999.0","17278"
"Anthony Santander","Orioles","48","197","182","45","11","1","7","22","23","11","43","1","1",".248",".296",".432",".727",".305","453.8","14551"
"Manny Pina","Brewers","25","96","87","21","4","0","3","11","12","7","22","0","0",".243",".309",".408",".717",".305","599.6","2829"
"Nicky Delmonico","White Sox","2","10","9","2","0","0","0","1","1","1","2","0","0",".236",".312",".404",".716",".305","999.0","13157"
"Myles Straw","Astros","10","44","39","10","2","0","0","6","3","4","9","2","0",".268",".343",".351",".694",".304","579.1","17620"
"Andrew Knizner","Cardinals","6","24","22","6","1","0","1","3","3","2","4","0","0",".260",".318",".395",".713",".304","600.0","19514"
"Kevin Newman","Pirates","47","200","184","51","10","1","3","23","20","12","26","5","1",".277",".324",".389",".713",".304","195.9","17696"
"Alex Gordon","Royals","44","182","161","40","8","0","4","20","18","15","35","2","1",".250",".329",".375",".704",".304","584.9","5209"
"Nick Williams","Reds","13","56","51","13","3","0","2","7","7","3","16","0","0",".244",".301",".420",".720",".304","999.0","14330"
"Yonder Alonso","Padres","5","23","20","5","1","0","1","3","3","2","5","0","0",".233",".315",".397",".712",".304","600.5","2530"
"Scott Heineman","Rangers","10","40","36","9","2","0","1","5","4","3","10","1","0",".248",".314",".395",".709",".304","999.0","14453"
"Kevin Kiermaier","Rays","42","177","160","39","7","2","5","24","17","13","38","7","2",".246",".307",".411",".718",".304","501.2","11038"
"James McCann","White Sox","19","75","69","17","3","0","3","9","9","5","20","0","0",".247",".304",".412",".715",".304","464.0","12859"
"Albert Almora Jr.","Cubs","29","126","117","31","6","1","3","15","14","7","20","1","0",".269",".311",".409",".720",".304","598.8","14109"
"Yadier Molina","Cardinals","44","172","159","42","8","0","5","20","20","10","25","2","1",".262",".310",".405",".715",".303","232.1","7007"
"Josh Reddick","Astros","39","168","151","39","7","1","4","20","18","13","23","2","1",".256",".318",".393",".711",".303","575.3","3892"
"Zach McKinstry","Dodgers","5","23","21","5","1","0","1","3","3","2","5","0","0",".247",".313",".397",".710",".303","999.0","sa918920"
"Scott Kingery","Phillies","50","214","197","49","11","1","7","27","25","13","56","6","1",".246",".298",".423",".721",".303","168.0","17975"
"Amed Rosario","Mets","55","233","218","59","11","2","5","30","23","11","46","8","2",".273",".311",".406",".717",".303","138.7","15518"
"Ke'Bryan Hayes","Pirates","20","83","74","19","4","0","2","10","8","7","16","1","0",".255",".319",".385",".704",".302","586.3","18577"
"Jason Castro","Padres","36","140","123","27","5","0","6","17","17","15","45","0","0",".217",".305",".404",".709",".302","390.7","8722"
"Hunter Pence","","43","178","164","42","7","1","5","21","19","12","42","2","1",".255",".308",".404",".711",".302","573.2","8252"
"Nick Ahmed","Diamondbacks","53","225","204","51","10","1","7","27","25","17","42","3","1",".247",".306",".410",".716",".302","547.2","12147"
"Alex Blandino","Reds","6","26","22","5","1","0","1","3","2","3","7","0","0",".230",".324",".370",".693",".302","999.0","16271"
"Jonathan Lucroy","Red Sox","9","35","32","8","2","0","1","4","4","3","6","0","0",".258",".320",".386",".706",".302","596.6","7870"
"Darin Ruf","Giants","5","20","18","4","1","0","1","2","3","1","5","0","0",".236",".300",".414",".714",".302","600.7","9929"
"Yairo Munoz","Red Sox","2","8","7","2","0","0","0","1","1","0","2","0","0",".261",".307",".409",".716",".302","999.0","16313"
"Harold Ramirez","Marlins","31","127","118","32","6","1","2","14","13","6","26","1","0",".270",".314",".396",".710",".302","599.1","14387"
"Justin Williams","Cardinals","1","5","5","1","0","0","0","1","1","0","1","0","0",".255",".308",".403",".712",".302","999.0","15490"
"Josh Phegley","Cubs","2","7","6","2","0","0","0","1","1","0","1","0","0",".242",".299",".416",".715",".302","599.0","9308"
"Evan White","Mariners","48","198","181","45","8","1","6","21","23","14","49","1","0",".248",".305",".407",".712",".302","416.9","20078"
"Jared Walsh","Angels","1","5","4","1","0","0","0","1","1","0","2","0","0",".228",".300",".415",".714",".302","600.8","18607"
"JaCoby Jones","Tigers","46","190","172","41","9","2","6","24","20","14","55","4","1",".238",".303",".408",".711",".302","589.3","14818"
"Lane Thomas","Cardinals","14","61","55","13","3","0","2","8","7","5","17","1","0",".237",".304",".405",".708",".301","595.5","16939"
"Dustin Pedroia","Red Sox","1","5","4","1","0","0","0","1","0","0","1","0","0",".264",".326",".373",".698",".301","999.0","8370"
"Jake Cronenworth","Padres","7","30","27","7","1","0","0","4","3","3","5","1","0",".257",".324",".372",".697",".301","999.0","18036"
"Franchy Cordero","Royals","28","115","104","25","5","1","4","14","12","9","38","2","1",".239",".301",".412",".713",".301","491.3","14567"
"Kyle Farmer","Reds","9","36","34","8","2","0","1","4","4","2","8","0","0",".246",".300",".412",".712",".301","600.9","14813"
"Jordy Mercer","Yankees","16","68","62","16","3","0","2","7","8","5","13","0","0",".257",".312",".401",".714",".301","999.0","6547"
"Jose Peraza","Red Sox","30","127","118","33","5","1","2","16","13","5","17","4","1",".277",".315",".394",".709",".301","298.0","13593"
"David Freitas","","1","5","4","1","0","0","0","1","1","0","1","0","0",".253",".323",".376",".698",".301","600.9","10619"
"Matt Wieters","Cardinals","16","63","57","13","2","0","2","7","8","5","14","0","0",".236",".303",".408",".711",".301","597.2","4298"
"Greg Garcia","Padres","11","46","40","10","2","0","1","5","4","5","10","0","0",".245",".339",".344",".683",".301","999.0","10951"
"Tres Barrera","Nationals","1","2","2","0","0","0","0","0","0","0","0","0","0",".250",".308",".396",".704",".301","999.0","19977"
"David Fletcher","Angels","49","209","191","52","10","1","2","24","19","14","22","3","1",".273",".325",".373",".698",".300","384.0","17992"
"Sean Murphy","Athletics","36","138","124","29","6","0","5","16","15","11","32","0","0",".236",".304",".403",".707",".300","224.0","19352"
"Robbie Grossman","Athletics","14","58","50","12","3","0","1","7","5","7","11","1","0",".239",".335",".348",".683",".300","599.1","5254"
"Joe Panik","Blue Jays","25","106","95","24","5","0","2","11","10","9","11","1","0",".258",".325",".373",".698",".300","999.0","11936"
"Travis Demeritte","Tigers","13","55","49","11","3","0","2","6","6","5","17","1","0",".230",".301",".405",".705",".300","601.0","15958"
"Jonathan Villar","Blue Jays","53","222","201","49","8","1","6","29","20","18","60","14","3",".246",".311",".388",".699",".300","41.4","10071"
"Robel Garcia","Reds","1","5","4","1","0","0","0","1","1","0","2","0","0",".218",".295",".414",".709",".300","999.0","13167"
"Luis Torrens","Mariners","1","5","4","1","0","0","0","1","1","0","1","0","0",".258",".315",".388",".702",".300","999.0","15905"
"Ronald Guzman","Rangers","22","93","83","19","4","0","3","10","10","8","25","0","0",".233",".306",".399",".705",".300","598.1","14388"
"Josh Harrison","Nationals","10","41","37","9","2","0","1","5","4","2","8","1","0",".252",".306",".396",".703",".299","600.8","8202"
"Brian Goodwin","Reds","34","143","129","30","6","1","5","17","16","12","40","2","1",".232",".299",".410",".709",".299","585.8","12858"
"Kevin Plawecki","Red Sox","11","44","40","10","2","0","1","5","5","3","9","0","0",".242",".310",".389",".699",".299","600.5","13807"
"Taylor Jones","Astros","1","5","4","1","0","0","0","1","1","0","1","0","0",".233",".312",".385",".697",".299","999.0","19533"
"Kyle Higashioka","Yankees","7","28","25","6","1","0","1","3","4","2","7","0","0",".228",".283",".434",".717",".299","596.8","5517"
"Ryan McBroom","Royals","14","60","54","13","3","0","2","6","7","4","16","0","0",".245",".309",".394",".703",".299","598.5","16524"
"Nick Martini","Phillies","1","5","4","1","0","0","0","1","0","1","1","0","0",".243",".330",".353",".683",".299","999.0","12005"
"Lewin Diaz","Marlins","4","17","16","4","1","0","1","2","2","1","4","0","0",".241",".290",".429",".719",".299","999.0","18365"
"Kyle Garlick","Phillies","3","13","12","3","1","0","1","2","2","1","4","0","0",".229",".284",".432",".716",".299","600.9","18063"
"Dom Nunez","Rockies","7","25","23","5","1","0","1","3","3","2","7","0","0",".225",".304",".400",".704",".299","600.9","15055"
"Chris Owings","Rockies","10","40","37","9","2","0","1","5","4","2","11","1","0",".249",".299",".410",".708",".299","999.0","10030"
"Mike Yastrzemski","Giants","51","211","189","43","10","2","7","24","23","18","57","2","1",".229",".300",".407",".707",".299","357.2","14854"
"Elvis Andrus","Rangers","55","230","212","56","11","1","5","27","22","14","36","7","2",".264",".311",".388",".700",".299","148.8","8709"
"Jaylin Davis","Giants","17","72","65","16","3","0","2","8","8","5","22","1","0",".239",".304",".398",".702",".298","601.0","19552"
"Thairo Estrada","Yankees","11","48","45","12","2","0","1","6","5","3","9","1","0",".261",".307",".392",".699",".298","599.3","16426"
"Greg Allen","Padres","13","53","47","12","2","0","1","7","5","4","11","2","1",".250",".321",".368",".690",".298","599.8","16623"
"Travis Blankenhorn","Twins","2","8","7","2","0","0","0","1","1","1","2","0","0",".240",".297",".409",".706",".298","999.0","sa874969"
"Luis Rengifo","Angels","19","79","70","17","4","0","2","10","7","7","16","2","1",".245",".316",".376",".692",".298","599.5","19858"
"Roman Quinn","Phillies","19","79","71","17","3","1","2","11","7","6","21","4","1",".246",".311",".386",".696",".298","560.4","13546"
"Mike Zunino","Rays","39","150","135","28","6","0","7","17","20","11","50","0","0",".210",".284",".421",".705",".298","509.5","13265"
"Ryan McKenna","Orioles","1","5","4","1","0","0","0","1","0","0","1","0","0",".245",".313",".380",".693",".298","999.0","sa875055"
"Michael A. Taylor","Nationals","18","77","70","17","4","0","3","10","9","6","24","3","1",".238",".298",".407",".705",".297","599.8","11489"
"Josh Fuentes","Rockies","14","59","55","14","3","0","2","7","7","3","16","0","0",".254",".294",".413",".707",".297","999.0","16885"
"Edward Olivares","Royals","11","48","44","11","2","0","1","6","5","3","10","1","0",".252",".303",".398",".700",".297","589.8","19698"
"Dilson Herrera","Orioles","16","67","60","14","3","0","3","8","7","5","20","1","0",".229",".292",".414",".706",".297","999.0","14335"
"Brandon Drury","Blue Jays","25","103","94","23","5","0","3","11","12","7","25","0","0",".241",".299",".401",".700",".297","599.6","11615"
"Delino DeShields","Indians","15","64","55","13","3","0","1","8","4","7","15","3","1",".243",".328",".350",".679",".297","571.7","11379"
"Nick Gordon","Twins","1","5","5","1","0","0","0","1","0","0","1","0","0",".262",".311",".384",".695",".297","999.0","sa828662"
"Drew Butera","Rockies","11","44","40","10","2","0","1","5","5","3","10","0","0",".243",".307",".389",".696",".297","601.0","3411"
"Freddy Galvis","Reds","50","215","199","49","9","1","7","26","25","13","49","2","1",".249",".296",".408",".704",".297","487.1","6609"
"Matt Davidson","Reds","4","16","14","3","1","0","1","2","2","1","5","0","0",".215",".289",".413",".701",".297","999.0","7226"
"Guillermo Heredia","Mets","34","144","127","31","6","0","2","16","13","12","28","2","1",".245",".322",".358",".681",".297","600.8","18721"
"Andrelton Simmons","Angels","49","209","193","51","9","1","4","24","21","13","20","3","1",".265",".313",".379",".692",".297","521.8","10847"
"Andrew Knapp","Phillies","11","42","37","8","2","0","1","5","4","4","13","0","0",".228",".313",".376",".690",".296","600.4","14942"
"Cheslor Cuthbert","White Sox","5","20","19","5","1","0","1","2","2","1","4","0","0",".245",".299",".400",".699",".296","999.0","10473"
"Jorge Alfaro","Marlins","41","155","143","35","6","1","5","17","18","8","52","1","1",".243",".297",".402",".699",".296","218.3","12180"
"Victor Reyes","Tigers","36","150","140","38","7","2","2","18","14","8","29","4","1",".270",".308",".391",".699",".296","555.6","15487"
"Adeiny Hechavarria","Braves","10","43","40","10","2","0","1","5","5","2","8","0","0",".260",".302",".400",".703",".296","600.6","10459"
"Tom Murphy","Mariners","38","144","132","29","6","0","7","16","20","9","51","1","0",".217",".276",".431",".707",".296","259.8","13499"
"Santiago Espinal","Blue Jays","9","38","35","9","2","0","1","4","4","2","6","1","0",".261",".311",".381",".692",".296","999.0","19997"
"Brandon Crawford","Giants","49","201","181","44","9","1","5","21","21","17","43","1","1",".243",".311",".388",".700",".296","591.0","5343"
"Jacoby Ellsbury","","5","21","19","5","1","0","0","3","2","2","3","1","0",".250",".323",".360",".683",".296","999.0","4727"
"Kevan Smith","Rays","7","25","23","6","1","0","0","3","3","2","4","0","0",".257",".314",".371",".685",".296","601.0","12284"
"Mikie Mahtook","Phillies","1","5","4","1","0","0","0","1","1","0","1","0","0",".228",".293",".405",".698",".296","999.0","13130"
"Edwin Rios","Dodgers","12","52","47","11","2","0","2","6","7","4","19","0","0",".226",".288",".417",".704",".296","590.5","18316"
"Yangervis Solarte","","1","3","3","1","0","0","0","0","0","0","0","0","0",".245",".301",".395",".696",".296","999.0","5352"
"Tony Wolters","Rockies","36","139","123","31","6","1","1","15","12","13","24","1","0",".252",".330",".354",".683",".295","574.2","11470"
"Pablo Sandoval","Giants","25","102","93","22","4","0","4","11","12","7","23","0","0",".238",".296",".405",".701",".295","596.7","5409"
"Austin Romine","Tigers","31","119","109","27","5","0","3","13","13","7","25","1","0",".251",".300",".396",".695",".295","406.9","5491"
"Joey Wendle","Rays","26","111","102","26","6","1","2","13","11","6","21","2","1",".255",".309",".383",".692",".295","585.2","13853"
"Rio Ruiz","Orioles","37","153","138","33","7","0","4","16","15","13","34","0","0",".237",".306",".386",".691",".295","591.0","14103"
"Dwight Smith Jr.","Orioles","17","71","64","16","3","0","2","8","7","6","15","1","0",".242",".306",".384",".690",".295","600.6","13473"
"Sam Hilliard","Rockies","34","142","129","30","6","1","5","19","15","11","47","4","1",".232",".292",".407",".700",".295","249.9","17954"
"C.J. Chatham","Red Sox","4","16","15","4","1","0","0","2","2","1","4","0","0",".272",".309",".385",".694",".295","999.0","sa873984"
"Nick Dini","","1","5","4","1","0","0","0","1","1","0","1","0","0",".246",".301",".394",".695",".295","999.0","18206"
"Andy Ibanez","Rangers","1","5","4","1","0","0","0","1","0","0","1","0","0",".245",".303",".389",".693",".295","999.0","sa914201"
"Jake Rogers","Tigers","13","48","43","9","2","0","2","5","5","4","14","0","0",".219",".296",".394",".690",".295","600.7","19452"
"Brandon Dixon","Tigers","1","5","4","1","0","0","0","1","1","0","1","0","0",".237",".286",".412",".698",".294","600.3","15214"
"Beau Taylor","Indians","1","5","4","1","0","0","0","1","1","1","1","0","0",".226",".319",".355",".674",".294","999.0","12384"
"Matt Thaiss","Angels","13","53","48","11","2","0","2","6","6","5","12","0","0",".230",".302",".384",".686",".294","600.8","19318"
"Daz Cameron","Tigers","1","5","4","1","0","0","0","1","0","0","1","0","0",".232",".304",".380",".684",".294","999.0","sa874736"
"Leury Garcia","White Sox","33","139","128","35","6","1","2","17","12","6","30","4","1",".270",".310",".376",".686",".294","570.8","5913"
"Pedro Severino","Orioles","27","102","93","22","4","0","4","11","11","7","22","1","0",".235",".296",".395",".690",".294","538.3","14523"
"Luis Guillorme","Mets","8","35","31","8","1","0","0","4","3","3","6","0","0",".254",".326",".344",".670",".293","999.0","16451"
"Raudy Read","Nationals","2","7","6","2","0","0","0","1","1","0","1","0","0",".248",".291",".409",".700",".293","999.0","15766"
"Reese McGuire","Blue Jays","28","108","97","23","5","0","3","12","11","9","21","1","0",".241",".306",".380",".686",".293","582.9","15674"
"Jesus Sanchez","Marlins","6","25","23","6","1","0","1","3","3","2","6","0","0",".248",".298",".393",".691",".293","601.0","19913"
"Chad Tromp","Giants","5","18","17","4","1","0","0","2","2","1","4","0","0",".242",".303",".381",".684",".293","999.0","16953"
"Yu-Cheng Chang","Indians","8","36","32","7","2","0","1","4","4","3","10","0","0",".228",".300",".386",".686",".293","600.9","14773"
"Willi Castro","Tigers","14","58","53","14","3","0","1","7","5","3","13","1","0",".254",".302",".387",".688",".293","600.8","17338"
"Franklin Barreto","Angels","26","111","101","23","5","1","4","13","12","8","36","2","1",".230",".291",".399",".691",".293","577.2","15519"
"Adalberto Mondesi","Royals","52","215","200","49","10","3","6","31","20","11","62","15","3",".244",".284",".418",".701",".293","31.4","13769"
"Jason Martin","Pirates","10","43","39","9","2","0","1","5","4","3","10","1","0",".240",".299",".391",".690",".293","999.0","16429"
"Charlie Culberson","Braves","7","31","28","7","1","0","1","4","3","2","8","0","0",".245",".292",".401",".693",".293","999.0","3298"
"Mark Mathias","Brewers","1","3","3","1","0","0","0","0","0","0","1","0","0",".231",".308",".370",".678",".293","999.0","18032"
"Andrew Susac","Pirates","3","12","10","2","0","0","0","1","1","1","3","0","0",".215",".303",".376",".678",".293","999.0","13132"
"Brian O'Grady","Rays","1","3","3","1","0","0","0","0","0","0","1","0","0",".214",".293",".398",".691",".292","600.5","16729"
"Jacob Stallings","Pirates","37","143","130","32","7","0","3","14","16","9","29","0","0",".249",".306",".381",".687",".292","549.7","13723"
"Nicky Lopez","Royals","47","197","180","48","8","2","2","21","16","13","22","3","1",".267",".319",".356",".675",".292","574.2","19339"
"Cole Tucker","Pirates","17","73","66","16","3","1","1","8","7","6","17","2","0",".245",".308",".374",".682",".292","597.7","17326"
"Max Schrock","Cardinals","1","5","5","1","0","0","0","1","0","0","1","0","0",".257",".313",".364",".677",".292","999.0","17750"
"Jose Iglesias","Orioles","50","204","191","51","9","0","4","22","18","9","27","4","2",".269",".307",".377",".684",".292","576.7","10231"
"Isan Diaz","Marlins","46","190","168","37","8","1","6","20","20","18","54","3","1",".220",".302",".379",".681",".292","584.0","17922"
"Danny Mendick","White Sox","7","30","27","7","1","0","1","3","3","2","6","1","0",".241",".305",".372",".677",".292","600.6","18889"
"Brett Phillips","Rays","22","90","79","17","4","1","2","11","9","9","30","2","1",".218",".302",".380",".682",".292","601.0","14735"
"Matt Reynolds","Royals","5","22","20","5","1","0","0","2","2","2","5","0","0",".240",".313",".360",".673",".292","999.0","13788"
"Deivy Grullon","Red Sox","1","5","5","1","0","0","0","1","1","0","2","0","0",".236",".286",".403",".690",".291","600.9","15988"
"Austin Jackson","","9","39","35","8","2","0","1","4","4","3","11","0","0",".241",".308",".366",".675",".291","999.0","9848"
"Will Craig","Pirates","5","20","18","4","1","0","1","2","2","2","6","0","0",".228",".300",".379",".679",".291","999.0","19267"
"Jorge Bonifacio","Tigers","7","30","27","6","1","0","1","3","3","2","8","0","0",".232",".296",".387",".683",".291","999.0","12174"
"Luis Alexander Basabe","Giants","1","5","4","1","0","0","0","1","0","0","2","0","0",".228",".299",".383",".681",".291","999.0","17839"
"Jake Fraley","Mariners","41","168","153","36","8","1","5","18","17","12","42","4","1",".233",".294",".394",".688",".291","539.9","19260"
"Bryan Holaday","Orioles","2","7","6","1","0","0","0","1","1","0","1","0","0",".239",".304",".379",".683",".291","999.0","11287"
"Tony Kemp","Athletics","24","101","90","22","4","1","2","12","8","8","16","3","1",".244",".314",".357",".671",".290","594.9","14894"
"Michael Perez","Rays","15","58","52","12","3","0","2","6","6","5","14","0","0",".228",".299",".377",".675",".290","999.0","12977"
"Alex Jackson","Braves","3","12","11","2","0","0","1","1","2","1","4","0","0",".213",".279",".410",".689",".290","999.0","17276"
"Miguel Rojas","Marlins","42","174","160","43","7","0","2","17","16","10","22","2","1",".267",".315",".359",".673",".290","589.8","7802"
"Mauricio Dubon","Giants","45","186","174","45","9","1","4","21","18","9","32","5","1",".260",".300",".382",".682",".289","367.4","16530"
"Hanser Alberto","Orioles","53","217","205","56","9","1","4","22","21","7","23","2","1",".271",".299",".383",".682",".289","506.3","11902"
"Ronny Rodriguez","","1","5","5","1","0","0","0","1","1","0","1","0","0",".236",".274",".417",".691",".289","525.3","11875"
"Jake Marisnick","Mets","22","94","86","19","4","0","4","12","10","6","30","3","1",".223",".282",".401",".683",".289","600.4","11339"
"Austin Hedges","Indians","28","107","97","21","4","0","5","12","14","7","29","0","0",".220",".280",".408",".689",".289","592.2","12976"
"Edmundo Sosa","Cardinals","4","16","15","4","1","0","0","2","2","1","3","0","0",".254",".297",".382",".678",".289","999.0","17022"
"Vimael Machin","Athletics","8","33","29","7","2","0","1","3","3","3","6","0","0",".241",".317",".354",".671",".289","999.0","17684"
"Melky Cabrera","Mets","4","18","16","4","1","0","0","2","2","1","2","0","0",".262",".305",".371",".677",".289","600.5","4022"
"Isiah Kiner-Falefa","Rangers","42","175","158","40","8","1","2","18","14","12","31","3","1",".251",".313",".350",".664",".288","335.8","16512"
"Michael Hermosillo","Angels","8","35","32","7","1","0","1","4","3","3","11","1","0",".220",".298",".370",".668",".288","999.0","16285"
"Mason Williams","Orioles","8","32","30","7","1","0","1","3","3","2","6","0","0",".251",".303",".370",".673",".288","999.0","11859"
"Shed Long","Mariners","43","176","159","37","7","1","5","18","17","14","49","3","1",".231",".297",".374",".671",".288","544.9","16542"
"Jon Jay","Diamondbacks","8","35","32","8","1","0","0","4","3","2","6","0","0",".265",".324",".333",".657",".288","999.0","5227"
"Jon Berti","Marlins","16","67","61","15","3","0","1","8","5","5","16","3","1",".239",".307",".355",".662",".288","247.1","12037"
"Steven Duggar","Giants","14","59","54","13","3","0","1","7","5","5","17","1","0",".241",".305",".364",".669",".288","600.8","17719"
"Sean Rodriguez","Marlins","4","15","14","3","1","0","1","2","2","1","5","0","0",".209",".294",".373",".667",".287","999.0","6589"
"J.T. Riddle","Pirates","13","53","49","12","2","0","1","6","6","3","11","0","0",".244",".291",".390",".681",".287","999.0","17642"
"Joe McCarthy","","3","12","11","2","1","0","0","1","1","1","4","0","0",".216",".305",".355",".660",".287","999.0","18399"
"Jonathan Davis","Blue Jays","10","40","35","8","2","0","1","5","3","3","10","1","0",".227",".304",".355",".660",".287","999.0","15104"
"Travis Jankowski","Reds","4","18","16","4","1","0","0","2","1","2","4","1","0",".249",".323",".326",".649",".287","999.0","13768"
"Mike Freeman","Indians","2","10","9","2","0","0","0","1","1","1","2","0","0",".240",".309",".352",".661",".287","600.9","11241"
"Mallex Smith","Mariners","45","185","166","41","7","2","2","23","11","14","42","12","3",".247",".312",".346",".658",".286","169.0","13608"
"Max Stassi","Angels","21","82","73","16","3","0","3","9","9","7","24","0","0",".214",".293",".371",".664",".286","600.7","10059"
"Donovan Solano","Giants","23","94","88","23","5","0","1","9","9","4","17","0","0",".265",".304",".364",".667",".286","600.4","8623"
"Orlando Arcia","Brewers","20","87","80","20","4","0","2","10","9","6","17","2","1",".246",".299",".377",".675",".286","576.3","13185"
"Garrett Stubbs","Astros","13","50","44","10","2","0","1","6","5","4","9","1","0",".232",".305",".357",".662",".286","599.6","18067"
"Dawel Lugo","Tigers","13","52","49","13","2","0","1","5","5","2","9","0","0",".262",".294",".380",".675",".286","601.0","14713"
"Phil Gosselin","Phillies","8","35","32","8","2","0","1","4","3","2","8","0","0",".246",".301",".363",".664",".286","999.0","10953"
"Tzu-Wei Lin","Red Sox","2","10","9","2","1","0","0","1","1","1","2","0","0",".240",".300",".366",".666",".286","999.0","14678"
"Kelvin Gutierrez","Royals","1","5","4","1","0","0","0","1","0","0","1","0","0",".247",".300",".361",".661",".285","999.0","17468"
"J.P. Crawford","Mariners","52","213","187","41","8","1","4","21","18","22","49","2","1",".222",".307",".347",".654",".285","575.9","15491"
"Tyler Wade","Yankees","11","46","42","10","2","0","1","6","4","4","12","1","0",".239",".305",".355",".659",".285","600.3","15730"
"Martin Maldonado","Astros","34","135","120","27","5","0","4","15","15","9","34","0","0",".221",".293",".370",".663",".285","571.6","6887"
"Cam Gallagher","Royals","11","41","37","9","2","0","1","4","4","3","7","0","0",".239",".300",".362",".662",".285","600.4","12981"
"Dustin Garneau","Astros","13","52","46","10","2","0","2","6","6","4","13","0","0",".210",".285",".378",".664",".285","599.3","9433"
"Grayson Greiner","Tigers","14","55","50","11","2","0","1","6","6","4","15","0","0",".228",".292",".370",".662",".285","600.2","17062"
"Donnie Walton","Mariners","1","5","4","1","0","0","0","0","0","0","1","0","0",".239",".308",".347",".654",".284","999.0","19314"
"Chris Davis","Orioles","36","147","129","25","5","0","6","16","17","16","54","0","0",".196",".289",".373",".662",".284","579.7","9272"
"Austin Allen","Athletics","19","72","66","15","3","0","2","7","8","5","18","0","0",".231",".289",".383",".672",".284","574.5","18083"
"Wilmer Difo","Nationals","6","26","23","6","1","0","0","3","2","2","5","1","0",".249",".305",".359",".664",".284","600.8","14320"
"Andrew Stevenson","Nationals","4","16","14","4","1","0","0","2","1","1","4","0","0",".247",".303",".355",".658",".284","999.0","17932"
"Seby Zavala","White Sox","1","2","2","0","0","0","0","0","0","0","1","0","0",".220",".279",".390",".668",".284","999.0","18887"
"Eli White","Rangers","1","5","4","1","0","0","0","1","0","0","1","0","0",".232",".296",".361",".657",".284","999.0","19346"
"Rene Rivera","Mets","7","25","23","5","1","0","1","3","3","2","8","0","0",".219",".276",".393",".670",".283","999.0","3648"
"Ildemaro Vargas","Cubs","14","60","56","15","3","0","1","6","6","3","7","0","0",".259",".298",".364",".663",".283","600.3","13324"
"Sergio Alcantara","Tigers","2","8","7","2","0","0","0","1","1","1","2","0","0",".247",".310",".341",".651",".283","999.0","16417"
"Leody Taveras","Rangers","3","13","12","3","1","0","0","1","1","1","3","0","0",".244",".298",".366",".664",".283","999.0","18900"
"Anthony Alford","Pirates","9","38","34","8","2","0","1","5","3","3","12","1","0",".228",".297",".357",".654",".283","600.9","14329"
"Tyler Heineman","Giants","21","80","72","17","4","0","2","8","7","6","14","0","0",".236",".298",".363",".661",".283","597.4","13897"
"Socrates Brito","Pirates","11","48","44","10","2","0","1","5","5","3","13","1","0",".235",".285",".382",".667",".283","999.0","12944"
"Ronnie Dawson","Astros","1","3","3","1","0","0","0","0","0","0","1","0","0",".215",".289",".370",".660",".283","999.0","sa873674"
"Jake Noll","","8","34","32","8","1","0","1","4","4","2","7","0","0",".249",".289",".376",".665",".283","999.0","19703"
"Cedric Mullins II","Orioles","7","27","24","6","1","0","1","3","2","2","5","1","0",".236",".291",".372",".663",".283","599.7","17929"
"Eric Haase","Tigers","2","7","6","1","0","0","0","1","1","1","2","0","0",".205",".272",".395",".667",".283","600.8","14111"
"Austin Nola","Padres","38","149","134","31","6","0","3","14","14","12","33","1","0",".231",".300",".353",".652",".282","573.3","15941"
"Yolmer Sanchez","White Sox","13","55","49","12","2","1","1","6","4","4","11","1","0",".245",".304",".347",".651",".282","999.0","11602"
"John Hicks","Diamondbacks","2","9","8","2","0","0","0","1","1","0","3","0","0",".230",".277",".388",".665",".282","600.9","12547"
"Adam Engel","White Sox","12","51","46","10","2","0","1","6","4","3","14","1","0",".228",".288",".368",".656",".281","600.8","15082"
"Jarrod Dyson","White Sox","32","133","118","28","4","1","1","17","9","12","24","8","2",".234",".313",".327",".640",".281","444.0","4866"
"Steve Wilkerson","Orioles","5","20","18","4","1","0","0","2","2","1","6","0","0",".231",".289",".365",".654",".281","999.0","16041"
"Erik Kratz","Yankees","1","2","2","0","0","0","0","0","0","0","0","0","0",".225",".282",".376",".658",".281","999.0","4403"
"Dylan Moore","Mariners","8","32","29","6","1","0","1","4","3","3","9","1","0",".215",".288",".366",".654",".281","599.8","18042"
"Kyle Lewis","Mariners","49","200","183","41","8","1","6","19","22","15","65","1","0",".224",".284",".373",".657",".281","415.5","19508"
"John Ryan Murphy","Pirates","20","76","69","15","3","0","3","8","9","5","21","0","0",".218",".278",".385",".662",".281","999.0","10346"
"Jack Mayfield","Astros","2","8","7","2","0","0","0","1","1","0","2","0","0",".226",".277",".384",".661",".281","999.0","15402"
"Jacob Nottingham","Brewers","1","2","2","0","0","0","0","0","0","0","1","0","0",".215",".286",".369",".655",".280","999.0","16448"
"Sheldon Neuse","Athletics","10","40","37","9","2","0","1","4","4","3","12","0","0",".235",".292",".361",".653",".280","600.5","19635"
"Andrew Velazquez","Orioles","17","71","66","15","3","0","2","8","6","4","21","2","1",".234",".285",".371",".656",".280","999.0","14196"
"Jose Marmolejos","Mariners","5","20","18","4","1","0","0","2","2","1","5","0","0",".233",".289",".366",".656",".280","999.0","15767"
"Eduardo Nunez","Mets","2","10","9","2","0","0","0","1","1","0","2","0","0",".255",".287",".371",".657",".280","999.0","6848"
"Kean Wong","","2","8","7","2","0","0","0","1","1","1","2","0","0",".245",".299",".351",".650",".280","999.0","15994"
"Meibrys Viloria","Royals","7","27","25","6","1","0","0","3","2","2","6","0","0",".239",".298",".346",".644",".279","999.0","17109"
"Emilio Bonifacio","","2","10","9","2","0","0","0","1","1","1","2","0","0",".244",".294",".356",".650",".279","999.0","4054"
"Braden Bishop","Mariners","10","39","35","8","2","0","1","4","3","3","10","0","0",".233",".298",".340",".638",".278","999.0","17806"
"Juan Centeno","Red Sox","1","2","2","0","0","0","0","0","0","0","0","0","0",".244",".300",".342",".642",".278","999.0","7168"
"Austin Wynns","Orioles","2","9","8","2","0","0","0","1","1","1","2","0","0",".235",".294",".347",".641",".277","999.0","15271"
"Chad Wallach","Marlins","4","13","12","3","1","0","0","1","1","1","4","0","0",".216",".290",".351",".641",".277","999.0","17161"
"Oscar Hernandez","Royals","2","7","6","1","0","0","0","1","1","0","2","0","0",".220",".277",".373",".650",".277","999.0","13490"
"Erik Gonzalez","Pirates","19","81","75","18","4","0","1","9","8","4","22","1","0",".244",".287",".364",".651",".277","600.9","13369"
"Erick Mejia","Royals","5","20","19","5","1","0","0","2","2","1","4","1","0",".244",".296",".345",".641",".276","999.0","15817"
"Dee Gordon","Mariners","36","148","139","37","5","2","1","17","10","5","23","7","2",".269",".299",".343",".642",".276","481.6","8203"
"Dustin Fowler","Athletics","1","5","5","1","0","0","0","1","0","0","1","0","0",".231",".275",".378",".653",".276","999.0","17098"
"Sandy Leon","Indians","19","72","65","14","3","0","2","7","8","5","17","0","0",".223",".286",".354",".640",".276","600.9","5273"
"Jonah Heim","Athletics","6","23","21","5","1","0","0","2","2","2","5","0","0",".228",".287",".355",".643",".275","600.9","16930"
"Patrick Wisdom","Cubs","4","15","14","3","1","0","1","2","2","1","5","0","0",".201",".270",".379",".649",".275","600.9","13602"
"Tim Lopes","Mariners","10","39","36","9","2","0","0","4","3","3","8","1","0",".239",".297",".336",".633",".275","594.0","14137"
"Ian Miller","Cubs","1","3","3","1","0","0","0","0","0","0","1","0","0",".241",".300",".333",".633",".275","601.0","15156"
"Pat Valaika","Orioles","14","57","53","12","2","0","2","6","6","3","16","0","0",".219",".266",".383",".649",".274","999.0","14885"
"Jorge Mateo","Padres","14","59","55","13","3","1","1","7","5","3","17","2","0",".230",".276",".371",".647",".274","577.3","17273"
"Peter O'Brien","","1","5","4","1","0","0","0","1","1","0","2","0","0",".193",".264",".386",".650",".274","999.0","13288"
"Bubba Starling","Royals","14","58","53","12","3","0","1","6","5","3","15","1","0",".231",".280",".359",".639",".274","599.6","13356"
"Rob Brantly","Yankees","26","98","89","21","4","1","2","9","9","6","17","0","0",".235",".292",".346",".638",".273","599.3","10655"
"Adolis Garcia","Rangers","10","40","37","8","2","0","1","4","4","2","13","1","0",".218",".260",".391",".651",".273","600.9","19287"
"Nick Heath","Royals","1","5","4","1","0","0","0","1","0","0","2","0","0",".227",".294",".332",".626",".273","999.0","19577"
"Keon Broxton","Brewers","1","5","4","1","0","0","0","1","0","0","2","0","0",".195",".276",".356",".632",".273","999.0","9253"
"Harold Castro","Tigers","7","30","28","7","1","0","0","3","3","1","6","0","0",".256",".287",".350",".637",".272","600.9","14691"
"Andrew Romine","","3","13","12","3","0","0","0","1","1","1","3","0","0",".245",".295",".333",".627",".272","999.0","1159"
"Sam Haggerty","Mariners","2","10","8","2","0","0","0","1","1","1","3","0","0",".210",".293",".324",".618",".271","999.0","18054"
"Aramis Garcia","Giants","8","32","29","6","1","0","1","3","3","2","11","0","0",".217",".271",".361",".632",".270","999.0","16925"
"Lewis Brinson","Marlins","29","119","109","24","5","1","3","12","11","7","36","2","1",".218",".276",".357",".632",".270","590.4","14352"
"Elliot Soto","Angels","1","5","4","1","0","0","0","1","0","0","1","0","0",".233",".294",".325",".619",".270","999.0","sa390666"
"Monte Harrison","Marlins","18","75","68","15","3","0","2","8","7","5","28","2","0",".212",".276",".346",".622",".269","543.9","17216"
"Ronald Torreyes","Phillies","1","5","5","1","0","0","0","0","0","0","1","0","0",".250",".283",".344",".626",".268","999.0","11400"
"Seth Brown","Athletics","13","55","51","11","2","0","1","6","5","4","18","0","0",".209",".270",".355",".625",".267","597.7","18171"
"Terrance Gore","Dodgers","1","5","5","1","0","0","0","1","0","0","1","0","0",".226",".293",".313",".606",".267","999.0","13658"
"Albert Pujols","Angels","41","173","162","35","6","0","6","17","20","9","25","0","0",".218",".259",".372",".631",".267","562.1","1177"
"Skye Bolt","Athletics","1","3","3","1","0","0","0","0","0","0","1","0","0",".205",".276",".341",".617",".266","999.0","17723"
"Tomas Nido","Mets","16","61","57","13","3","0","1","6","6","3","15","0","0",".228",".270",".356",".626",".266","600.8","13755"
"Wilfredo Tovar","Twins","2","8","7","2","0","0","0","1","1","0","1","0","0",".244",".286",".327",".613",".265","999.0","10416"
"Magneuris Sierra","Marlins","11","45","42","10","2","0","0","5","3","2","9","2","0",".247",".285",".332",".616",".265","595.7","17023"
"Caleb Joseph","Blue Jays","1","5","5","1","0","0","0","0","0","0","1","0","0",".227",".274",".344",".618",".265","999.0","7087"
"Cristhian Adames","Giants","1","5","4","1","0","0","0","0","0","0","1","0","0",".228",".285",".327",".612",".265","999.0","6013"
"Jose Siri","","2","8","7","2","0","0","0","1","1","0","3","0","0",".217",".265",".359",".624",".265","999.0","sa736940"
"Billy Hamilton","Cubs","13","52","47","11","2","1","0","6","3","4","12","4","1",".230",".290",".316",".606",".264","580.9","10199"
"Rocky Gale","Dodgers","1","5","5","1","0","0","0","1","0","0","1","0","0",".235",".276",".327",".603",".260","999.0","10533"
"Humberto Arteaga","","2","8","7","2","0","0","0","1","1","0","1","0","0",".244",".280",".324",".604",".260","999.0","13595"
"Joe Hudson","Mariners","7","27","24","5","1","0","1","2","3","2","8","0","0",".197",".265",".336",".602",".260","999.0","14412"
"Jose Trevino","Rangers","10","39","36","8","2","0","1","3","4","2","7","0","0",".226",".265",".343",".608",".259","999.0","16725"
"Buddy Reed","Athletics","2","10","9","2","0","0","0","1","1","1","3","0","0",".206",".266",".341",".607",".259","999.0","sa738683"
"Anthony Bemboom","Angels","3","12","11","2","0","0","0","1","1","1","3","0","0",".207",".270",".327",".597",".258","999.0","13854"
"Michael Lorenzen","Reds","2","8","7","1","0","0","0","1","1","0","3","0","0",".208",".260",".339",".599",".257","538.6","14843"
"Jeff Mathis","Rangers","15","57","52","11","2","0","1","5","5","4","18","0","0",".207",".267",".325",".592",".256","999.0","3448"
"Yadiel Rivera","Rangers","1","3","3","1","0","0","0","0","0","0","1","0","0",".215",".263",".328",".592",".254","999.0","11863"
