"Name","Team","G","PA","AB","H","2B","3B","HR","R","RBI","BB","SO","HBP","SB","CS","AVG","OBP","SLG","OPS","wOBA","Fld","BsR","WAR","ADP","playerid"
"Mike Trout","Angels","59","254","200","59","11","1","17","46","42","47","52","5","6","1",".294",".437",".614","1.051",".426","-0.3","1.3","3.3","6.8","10155"
"Alex Bregman","Astros","56","241","201","58","14","1","12","39","39","34","32","3","3","1",".289",".397",".549",".946",".394","-0.3","0.1","2.5","16.9","17678"
"Cody Bellinger","Dodgers","56","241","205","59","12","1","15","39","44","33","46","1","5","1",".290",".389",".584",".973",".394","1.1","0.6","2.4","3.9","15998"
"Francisco Lindor","Indians","57","246","221","64","14","1","12","38","35","21","35","2","7","2",".290",".353",".530",".884",".364","3.4","0.3","2.2","7.4","12916"
"Christian Yelich","Brewers","56","243","208","63","13","1","13","38","40","31","50","3","9","2",".303",".398",".569",".967",".398","0.7","1.5","2.1","1.8","11477"
"Matt Chapman","Athletics","57","246","216","54","13","1","13","35","36","25","61","3","1","1",".251",".337",".501",".838",".350","4.5","0.3","2.1","92.7","16505"
"Mookie Betts","Dodgers","57","246","213","61","14","2","12","42","32","29","35","1","7","1",".287",".372",".534",".906",".375","2.4","1.7","2.0","4.9","13611"
"Anthony Rendon","Angels","55","236","203","57","14","1","10","34","37","27","35","3","2","1",".282",".369",".509",".878",".365","1.8","0.2","2.0","29.9","12861"
"Jose Ramirez","Indians","56","241","211","59","15","1","11","37","37","26","31","2","10","3",".282",".363",".522",".885",".366","1.6","1.6","2.0","13.3","13510"
"Juan Soto","Nationals","55","238","197","58","11","2","13","38","41","39","45","1","3","1",".293",".410",".558",".968",".402","-0.4","0.1","1.9","10.7","20123"
"Aaron Judge","Yankees","50","218","181","46","8","0","14","35","33","33","68","2","2","1",".257",".375",".527",".902",".375","3.4","0.1","1.8","52.7","15640"
"Josh Donaldson","Twins","53","231","192","50","11","0","12","34","36","35","54","2","1","1",".261",".378",".509",".887",".372","0.7","-0.3","1.8","85.8","5038"
"Yasmani Grandal","White Sox","50","202","168","40","7","0","9","25","27","31","49","1","1","1",".239",".359",".452",".811",".346","1.9","-1.1","1.8","106.6","11368"
"Nolan Arenado","Rockies","58","251","222","66","14","1","15","37","44","25","40","1","1","1",".295",".366",".566",".932",".380","2.6","0.0","1.8","13.4","9777"
"Carlos Correa","Astros","52","223","193","52","11","0","11","30","37","25","50","1","1","0",".270",".356",".503",".859",".358","-0.2","0.3","1.8","105.7","14162"
"George Springer","Astros","55","236","204","55","10","1","12","39","34","26","47","3","2","1",".272",".362",".506",".868",".364","-0.3","0.1","1.7","46.6","12856"
"Ronald Acuna Jr.","Braves","56","243","213","60","10","1","13","40","35","25","59","3","11","3",".284",".365",".529",".895",".372","0.7","1.3","1.7","1.6","18401"
"Marcus Semien","Athletics","58","249","220","59","13","1","10","36","29","26","40","1","4","2",".270",".346",".468",".814",".344","-0.4","0.3","1.6","97.7","12533"
"Xander Bogaerts","Red Sox","56","243","215","62","15","1","10","35","37","24","43","2","3","1",".288",".362",".499",".861",".360","-1.5","0.5","1.6","42.7","12161"
"Jose Altuve","Astros","55","238","214","64","12","1","9","36","31","20","34","2","5","2",".300",".363",".495",".858",".360","-1.3","-0.1","1.6","39.7","5417"
"Kris Bryant","Cubs","56","241","205","56","13","1","11","37","30","28","54","6","2","1",".272",".373",".506",".879",".369","-0.3","0.8","1.6","60.5","15429"
"Manny Machado","Padres","58","251","225","61","11","1","13","33","38","23","45","1","3","1",".274",".342",".507",".849",".351","1.4","-0.1","1.6","63.9","11493"
"Ozzie Albies","Braves","56","243","222","64","14","2","9","36","31","17","37","1","5","1",".290",".343",".502",".845",".352","1.8","1.0","1.6","32.4","16556"
"Rafael Devers","Red Sox","56","243","222","65","15","1","12","38","40","18","43","1","3","2",".294",".349",".537",".885",".364","-0.7","0.3","1.6","24.3","17350"
"Freddie Freeman","Braves","56","243","209","62","14","1","12","36","39","30","47","3","3","1",".295",".388",".538",".926",".382","1.0","0.2","1.5","25.5","5361"
"J.T. Realmuto","Phillies","53","213","193","52","12","1","9","28","30","15","43","3","3","0",".272",".331",".481",".812",".339","1.8","0.8","1.5","44.0","11739"
"Ketel Marte","Diamondbacks","56","241","217","64","13","3","8","34","30","20","34","1","4","1",".296",".357",".497",".854",".357","0.4","0.4","1.5","37.8","13613"
"Gleyber Torres","Yankees","53","231","207","58","10","0","14","34","40","20","47","1","3","1",".279",".342",".531",".873",".360","-2.5","0.0","1.5","28.9","16997"
"Bryce Harper","Phillies","56","243","199","51","11","0","14","38","39","40","62","2","5","1",".258",".383",".525",".908",".374","0.0","0.3","1.5","20.0","11579"
"Yoan Moncada","White Sox","53","228","204","56","11","1","10","32","29","21","63","2","5","2",".273",".343",".481",".824",".345","0.6","0.5","1.5","69.8","17232"
"Fernando Tatis Jr.","Padres","54","233","209","57","9","3","10","34","30","19","64","3","9","3",".275",".341",".494",".835",".349","-1.3","0.7","1.4","17.9","19709"
"Trevor Story","Rockies","56","241","216","60","13","2","13","36","36","20","65","2","7","3",".275",".342",".535",".877",".362","1.0","0.5","1.4","11.2","12564"
"Anthony Rizzo","Cubs","55","236","199","56","11","1","11","33","36","27","33","8","2","1",".283",".388",".517",".905",".378","1.2","-0.7","1.4","82.0","3473"
"Bo Bichette","Blue Jays","53","228","207","57","13","2","8","32","29","17","42","1","10","4",".277",".334",".468",".802",".337","0.4","0.3","1.4","49.7","19612"
"Corey Seager","Dodgers","49","210","188","53","13","1","7","28","31","18","40","1","1","0",".279",".345",".476",".821",".344","0.5","0.5","1.4","136.4","13624"
"Trea Turner","Nationals","55","238","215","61","12","2","7","35","26","20","46","1","15","3",".284",".346",".463",".809",".341","-0.5","2.0","1.4","8.2","16252"
"Justin Turner","Dodgers","53","228","199","56","12","0","9","30","31","21","35","6","1","0",".283",".364",".482",".846",".356","-0.5","-0.1","1.3","149.8","5235"
"Jeff McNeil","Mets","52","225","203","59","13","1","7","31","26","14","29","6","3","1",".291",".352",".470",".821",".346","0.4","0.3","1.3","88.7","15362"
"Pete Alonso","Mets","56","243","211","54","10","1","17","35","40","25","63","6","0","1",".254",".346",".547",".894",".368","0.2","-0.4","1.3","32.5","19251"
"Matt Olson","Athletics","55","236","206","52","11","0","14","33","39","24","60","3","0","0",".253",".340",".511",".851",".352","2.6","-0.2","1.3","51.3","14344"
"Max Kepler","Twins","52","225","197","51","12","1","11","33","31","24","39","2","2","1",".259",".343",".488",".831",".349","2.6","0.2","1.3","145.7","12144"
"Paul DeJong","Cardinals","58","249","222","56","12","0","11","32","35","20","60","4","2","1",".251",".322",".457",".779",".327","1.5","0.2","1.3","186.6","18015"
"Javier Baez","Cubs","56","241","226","62","13","2","12","33","39","12","65","1","6","3",".274",".313",".510",".824",".337","0.2","0.3","1.3","34.4","12979"
"J.D. Martinez","Red Sox","56","241","212","62","13","1","14","37","41","25","56","1","1","0",".295",".370",".560",".930",".381","0.0","-0.8","1.2","23.7","6184"
"DJ LeMahieu","Yankees","53","231","209","61","10","1","6","33","26","17","34","1","2","1",".290",".345",".435",".780",".332","1.9","-0.2","1.2","71.9","9874"
"Eugenio Suarez","Reds","55","238","207","53","9","1","14","32","38","26","63","3","1","1",".257",".346",".508",".854",".355","-0.4","-0.7","1.2","74.5","12552"
"Yordan Alvarez","Astros","46","199","173","49","10","0","12","30","37","23","48","1","1","1",".283",".368",".558",".926",".379","0.0","-0.2","1.2","79.1","19556"
"Giancarlo Stanton","Yankees","46","199","174","46","8","0","16","31","40","22","60","2","1","0",".262",".349",".580",".929",".378","0.0","0.0","1.2","65.5","4949"
"Ramon Laureano","Athletics","49","212","191","49","11","1","9","29","26","16","56","3","6","1",".259",".323",".463",".786",".330","0.7","1.0","1.2","83.3","17128"
"Paul Goldschmidt","Cardinals","56","243","209","56","11","1","11","33","34","31","60","2","3","1",".268",".366",".485",".851",".357","0.8","0.4","1.2","77.4","9218"
"Brian Anderson","Marlins","56","241","212","55","12","1","7","29","27","21","52","5","2","1",".260",".340",".427",".767",".328","1.6","0.0","1.2","225.5","18289"
"Byron Buxton","Twins","48","207","188","48","12","1","7","29","27","14","55","2","9","2",".257",".313",".452",".765",".321","2.9","1.5","1.2","165.5","14161"
"Michael Conforto","Mets","49","210","178","45","9","0","11","28","32","27","51","3","2","1",".255",".360",".487",".847",".355","0.4","0.2","1.1","128.9","16376"
"Tommy Pham","Padres","55","236","203","56","10","1","9","32","28","29","50","2","7","2",".274",".369",".465",".834",".354","0.3","0.5","1.1","87.5","2967"
"Andrelton Simmons","Angels","49","212","196","54","10","1","4","24","23","13","19","1","4","1",".276",".322",".393",".715",".306","4.2","0.1","1.1","521.8","10847"
"Luis Robert","White Sox","51","220","204","55","10","3","9","27","29","10","59","4","9","4",".269",".313",".470",".783",".327","1.1","0.2","1.1","75.6","20043"
"Jorge Polanco","Twins","55","238","214","60","13","2","7","33","30","20","40","1","3","2",".280",".342",".458",".801",".338","-2.7","0.2","1.1","160.3","13152"
"Max Muncy","Dodgers","54","233","195","48","9","0","12","35","36","34","60","2","1","0",".248",".364",".484",".848",".357","0.0","0.5","1.1","72.0","13301"
"Joey Gallo","Rangers","53","231","192","43","9","1","17","36","38","34","86","3","3","1",".221",".345",".538",".883",".363","0.0","0.6","1.1","97.1","14128"
"Nelson Cruz","Twins","52","225","198","55","9","0","15","32","43","22","55","4","0","0",".278",".358",".547",".906",".372","0.0","-1.0","1.1","61.6","2434"
"Austin Meadows","Rays","47","202","182","49","10","2","9","27","29","17","42","2","5","2",".271",".337",".496",".832",".346","0.5","0.2","1.0","48.8","15672"
"Eloy Jimenez","White Sox","52","223","206","58","10","1","13","30","36","14","50","1","0","0",".282",".330",".525",".855",".354","-1.9","0.2","1.0","59.8","17484"
"Kolten Wong","Cardinals","49","210","183","49","10","1","5","25","20","18","32","5","6","2",".270",".351",".409",".760",".325","1.2","1.0","1.0","217.0","12532"
"Marcell Ozuna","Braves","56","241","216","60","11","1","12","32","40","22","49","1","3","1",".278",".345",".502",".847",".353","0.7","0.1","1.0","101.9","10324"
"Brandon Lowe","Rays","50","215","192","47","11","1","9","26","29","19","61","2","2","1",".247",".319",".451",".770",".325","0.2","0.4","1.0","209.5","18882"
"Rhys Hoskins","Phillies","55","236","195","47","10","1","13","32","36","35","57","3","1","1",".241",".362",".496",".857",".359","0.4","-0.1","1.0","126.5","16472"
"Miguel Sano","Twins","46","199","172","42","8","1","14","30","35","24","72","1","0","0",".244",".337",".536",".873",".361","0.5","-0.4","1.0","121.7","12164"
"Christian Vazquez","Red Sox","41","164","151","40","8","0","5","18","19","10","30","1","2","1",".263",".311",".416",".727",".307","1.8","-0.4","1.0","203.6","9774"
"Starling Marte","Marlins","51","220","202","58","11","2","8","31","27","11","40","5","10","3",".284",".334",".472",".805",".337","-0.6","0.7","1.0","27.8","9241"
"Luis Arraez","Twins","48","207","187","58","10","1","2","25","19","18","16","1","2","1",".311",".370",".408",".778",".336","-0.6","0.2","1.0","252.4","18568"
"Kyle Schwarber","Cubs","52","223","191","48","9","1","14","32","35","29","61","1","1","1",".251",".351",".524",".875",".359","0.1","-0.1","1.0","122.5","16478"
"Roberto Perez","Indians","40","159","138","30","5","0","6","17","21","16","46","1","0","0",".217",".302",".389",".691",".297","2.9","-0.3","1.0","290.0","2900"
"Gary Sanchez","Yankees","42","166","147","35","6","0","11","24","30","16","44","3","0","0",".242",".324",".520",".844",".348","-1.6","-0.1","0.9","84.1","11442"
"Adalberto Mondesi","Royals","52","223","207","52","10","3","7","29","27","11","61","1","18","4",".254",".293",".429",".721",".302","1.9","2.1","0.9","31.4","13769"
"Willy Adames","Rays","53","231","207","52","9","1","7","26","25","20","58","1","3","1",".253",".321",".412",".733",".312","-0.2","0.4","0.9","403.5","15986"
"Eduardo Escobar","Diamondbacks","54","233","212","56","12","3","10","29","34","17","45","1","1","1",".264",".319",".482",".802",".332","0.5","0.0","0.9","127.0","6153"
"Carlos Santana","Indians","56","243","204","53","11","1","10","33","34","36","38","1","1","0",".258",".372",".473",".845",".355","0.0","-0.1","0.9","141.6","2396"
"Victor Robles","Nationals","53","231","206","54","12","2","6","29","26","15","48","7","11","4",".263",".331",".427",".758",".322","2.5","0.5","0.9","70.7","18363"
"Lorenzo Cain","Brewers","52","223","199","55","10","1","5","28","20","20","38","2","6","2",".277",".347",".407",".754",".325","2.1","0.4","0.9","176.8","9077"
"Keston Hiura","Brewers","53","228","206","56","12","2","10","30","33","16","59","4","5","3",".272",".335",".498",".833",".347","-2.0","0.0","0.9","39.9","20003"
"Didi Gregorius","Phillies","50","215","199","53","10","1","10","27","31","12","30","2","2","1",".267",".312",".474",".786",".326","0.0","0.3","0.9","231.9","6012"
"Alex Verdugo","Red Sox","47","202","183","54","11","1","6","24","25","16","27","1","3","1",".296",".356",".465",".820",".346","1.2","0.2","0.9","198.3","17027"
"Jorge Soler","Royals","53","228","197","51","10","0","13","30","34","26","62","3","1","0",".258",".351",".508",".859",".358","0.0","-0.1","0.9","99.7","14221"
"Michael Brantley","Astros","50","218","197","57","12","1","7","28","29","17","24","2","2","1",".289",".348",".458",".806",".340","0.2","0.0","0.9","131.8","4106"
"Vladimir Guerrero Jr.","Blue Jays","52","223","200","58","11","1","9","29","35","20","35","1","1","1",".291",".356",".497",".854",".357","-0.7","-0.6","0.9","58.9","19611"
"Andrew Benintendi","Red Sox","54","233","204","55","14","2","6","32","27","24","46","2","5","1",".271",".350",".447",".798",".338","0.8","0.6","0.9","122.5","17901"
"Mike Moustakas","Reds","53","231","208","55","11","0","13","30","38","19","39","2","1","0",".264",".329",".510",".839",".346","-1.8","-0.5","0.9","95.2","4892"
"Trent Grisham","Padres","49","212","183","45","8","2","7","27","24","26","45","1","4","2",".243",".339",".429",".769",".327","0.8","0.1","0.9","298.4","18564"
"Joc Pederson","Dodgers","40","171","148","38","8","1","10","25","27","18","37","3","1","1",".254",".344",".530",".874",".361","0.4","0.0","0.9","210.1","11899"
"Shohei Ohtani","Angels","42","181","163","46","9","1","9","25","30","16","48","1","4","1",".282",".349",".524",".873",".361","0.0","0.3","0.9","130.5","19755"
"Mark Canha","Athletics","48","207","179","44","9","1","9","28","26","21","49","5","1","1",".247",".343",".467",".810",".341","-0.6","-0.2","0.8","234.5","11445"
"Eddie Rosario","Twins","50","215","202","58","12","1","10","31","35","10","36","0","2","1",".285",".318",".500",".818",".338","0.3","0.5","0.8","99.9","12155"
"Whit Merrifield","Royals","56","241","220","63","13","2","5","32","23","16","40","2","8","3",".286",".337",".429",".766",".324","-0.3","0.8","0.8","60.9","11281"
"Kyle Seager","Mariners","50","218","196","48","11","0","9","25","30","18","44","2","1","1",".246",".315",".441",".755",".318","0.2","-0.4","0.8","433.9","9785"
"Carson Kelly","Diamondbacks","40","156","135","34","7","0","6","19","19","18","30","1","0","0",".248",".342",".425",".768",".324","0.7","-0.1","0.8","207.7","13620"
"Kevin Kiermaier","Rays","42","181","165","40","8","2","6","21","20","13","41","2","6","2",".242",".303",".413",".716",".302","2.9","0.7","0.8","501.2","11038"
"Josh Bell","Pirates","56","243","210","57","13","1","11","33","38","30","46","1","0","1",".273",".365",".502",".867",".359","-1.6","-0.9","0.8","99.4","13145"
"Amed Rosario","Mets","55","238","222","61","11","3","5","28","25","12","44","1","8","4",".276",".315",".421",".736",".310","-0.7","0.4","0.8","138.7","15518"
"Aaron Hicks","Yankees","40","174","149","36","7","0","7","24","25","23","39","1","2","1",".239",".339",".435",".774",".330","-0.1","0.3","0.8","325.5","5297"
"Tim Anderson","White Sox","56","241","228","63","12","1","8","32","26","9","54","1","7","2",".276",".304",".445",".749",".314","-2.5","0.6","0.8","95.5","15172"
"Jean Segura","Phillies","50","215","198","58","11","1","5","26","22","12","27","3","5","2",".290",".335",".429",".764",".324","0.2","0.4","0.8","209.4","5933"
"Andrew McCutchen","Phillies","52","223","190","49","9","1","10","32","27","29","50","2","3","1",".257",".358",".470",".828",".350","-0.3","-0.3","0.8","207.8","9847"
"Nick Ahmed","Diamondbacks","53","231","208","52","12","2","7","26","28","17","43","1","3","1",".248",".307",".423",".730",".307","2.0","0.2","0.8","547.2","12147"
"Joey Votto","Reds","54","233","195","53","11","0","7","31","26","34","43","2","1","0",".273",".385",".445",".830",".355","0.6","-1.0","0.8","279.1","4314"
"Mitch Garver","Twins","36","142","125","32","7","0","7","19","21","15","35","1","0","0",".253",".334",".472",".806",".339","-1.0","-0.1","0.8","112.1","15161"
"Adam Eaton","Nationals","52","223","194","55","10","2","5","30","21","21","38","4","5","1",".283",".363",".425",".788",".340","0.7","0.7","0.8","205.7","11205"
"Will Smith","Dodgers","35","140","122","28","6","0","7","18","22","13","37","2","1","0",".231",".313",".458",".771",".323","0.1","0.0","0.8","162.7","19197"
"Matt Carpenter","Cardinals","52","223","187","45","11","1","8","30","25","32","55","2","1","0",".240",".355",".444",".799",".339","-0.9","0.0","0.8","421.2","8090"
"Cavan Biggio","Blue Jays","49","212","180","41","8","1","7","28","23","29","58","1","5","1",".229",".339",".399",".738",".320","0.8","0.5","0.7","126.6","19252"
"Jonathan Villar","Blue Jays","53","231","206","53","9","1","6","28","21","20","58","1","13","4",".258",".327",".401",".728",".313","-0.8","1.2","0.7","41.4","10071"
"Jason Castro","Padres","36","142","124","27","6","0","5","17","15","16","45","1","0","0",".216",".310",".384",".694",".300","0.8","-0.3","0.7","390.7","8722"
"J.P. Crawford","Mariners","52","223","194","45","9","1","5","25","21","24","49","2","3","1",".232",".321",".364",".684",".298","0.4","0.2","0.7","575.9","15491"
"Giovanny Urshela","Yankees","46","199","186","51","10","0","7","25","27","10","36","2","1","0",".275",".315",".445",".760",".320","0.3","-0.3","0.7","233.3","10681"
"Brandon Nimmo","Mets","46","199","164","38","8","1","6","25","21","29","54","5","2","1",".235",".362",".411",".772",".334","-2.1","0.2","0.7","390.0","12927"
"Jackie Bradley Jr.","Red Sox","49","210","184","44","10","1","7","26","26","20","55","4","4","1",".237",".323",".426",".750",".318","0.6","0.5","0.7","567.5","12984"
"Carter Kieboom","Nationals","48","207","183","47","9","1","6","24","24","20","47","2","2","1",".257",".336",".413",".748",".321","1.3","0.1","0.7","307.1","19958"
"Jacob Stallings","Pirates","37","147","134","34","8","0","3","15","15","9","27","2","0","0",".256",".308",".385",".692",".293","1.3","0.0","0.7","549.7","13723"
"Travis Shaw","Blue Jays","40","174","150","35","7","0","8","22","23","21","44","1","1","0",".233",".331",".441",".772",".326","0.1","-0.1","0.7","434.5","11982"
"Edwin Encarnacion","White Sox","48","207","178","44","7","0","12","30","35","24","47","3","0","0",".245",".343",".491",".835",".350","0.0","-0.8","0.7","162.2","2151"
"Harrison Bader","Cardinals","39","168","148","35","7","1","6","21","19","15","49","3","4","2",".239",".321",".410",".731",".311","2.3","0.4","0.7","561.3","18030"
"Danny Jansen","Blue Jays","31","121","107","26","5","0","4","14","14","11","22","2","1","0",".242",".320",".401",".721",".309","0.1","0.1","0.7","252.1","16535"
"Kyle Tucker","Astros","38","166","149","38","8","1","8","23","25","14","38","2","6","2",".256",".322",".470",".792",".330","0.7","0.5","0.7","174.8","18345"
"Yoshitomo Tsutsugo","Rays","40","174","151","38","8","0","8","23","24","20","44","1","0","0",".252",".340",".471",".812",".340","-0.2","0.0","0.7","425.5","27459"
"Jurickson Profar","Padres","50","218","191","47","11","1","7","26","25","21","32","3","3","1",".247",".330",".425",".754",".322","-0.2","0.5","0.7","513.2","10815"
"C.J. Cron","Tigers","50","215","195","51","11","0","11","26","32","14","46","4","0","0",".262",".323",".495",".818",".340","0.7","-0.4","0.7","199.9","12546"
"Jeimer Candelario","Tigers","42","181","159","38","9","1","6","21","20","19","44","2","1","0",".241",".328",".422",".750",".320","0.9","0.2","0.7","586.2","13621"
"Brett Gardner","Yankees","44","192","168","42","7","1","6","24","23","19","38","2","3","1",".248",".328",".424",".752",".321","0.6","0.7","0.7","432.4","9927"
"Nick Madrigal","White Sox","43","184","168","48","8","1","2","20","16","11","9","3","7","4",".284",".335",".381",".716",".309","1.4","-0.2","0.7","333.2","20521"
"Jonathan Schoop","Tigers","50","215","200","53","11","0","10","27","30","10","48","3","0","0",".264",".307",".470",".777",".324","-1.2","-0.3","0.7","363.1","11265"
"Sean Murphy","Athletics","36","142","128","31","7","0","5","17","17","11","32","1","0","0",".241",".305",".424",".729",".308","0.6","0.1","0.6","224.0","19352"
"Yandy Diaz","Rays","48","207","180","48","9","1","4","27","19","24","40","1","1","1",".269",".356",".397",".753",".326","-0.1","-0.2","0.6","285.5","16578"
"Cesar Hernandez","Indians","48","207","184","50","8","1","4","26","19","20","36","2","4","1",".274",".349",".395",".744",".321","-0.2","0.2","0.6","245.0","10556"
"Dansby Swanson","Braves","52","223","198","50","11","1","7","27","26","20","50","1","4","1",".250",".322",".413",".735",".309","0.2","0.5","0.6","254.4","18314"
"David Peralta","Diamondbacks","48","207","188","52","11","1","7","25","27","16","41","2","1","0",".277",".338",".461",".800",".336","0.5","0.1","0.6","248.9","2136"
"Luis Urias","Brewers","43","186","163","41","8","1","5","22","22","18","39","4","2","1",".252",".337",".403",".740",".319","0.1","-0.1","0.6","511.7","16622"
"Willson Contreras","Cubs","46","183","160","41","9","1","7","22","25","18","44","3","1","1",".257",".342",".461",".804",".338","-0.5","-0.6","0.6","113.3","11609"
"Adam Frazier","Pirates","50","218","196","55","11","2","4","26","22","17","28","3","3","2",".279",".342",".417",".759",".323","0.2","-0.1","0.6","557.3","15223"
"Stephen Piscotty","Athletics","44","192","171","44","10","0","7","23","25","16","40","3","1","0",".259",".329",".454",".783",".331","-0.4","-0.1","0.6","533.0","13367"
"Brandon Belt","Giants","46","197","168","41","10","1","6","24","21","26","44","1","1","1",".245",".350",".432",".781",".333","1.6","-0.2","0.6","573.6","10264"
"Mike Zunino","Rays","39","154","138","28","6","0","7","17","20","12","53","2","0","0",".205",".277",".397",".674",".286","0.4","-0.1","0.6","509.5","13265"
"Austin Hedges","Indians","28","109","100","22","4","0","5","11","14","7","32","1","1","0",".217",".275",".405",".680",".284","0.8","0.0","0.6","592.2","12976"
"Yadier Molina","Cardinals","44","175","161","42","8","0","5","18","22","9","26","3","2","0",".261",".308",".400",".708",".301","1.6","-0.7","0.6","232.1","7007"
"Gavin Lux","Dodgers","38","166","150","40","7","2","6","21","21","14","36","0","3","2",".267",".328",".448",".776",".327","-0.5","-0.1","0.6","187.3","19955"
"Tommy Edman","Cardinals","40","171","157","43","7","2","4","20","17","10","29","2","5","1",".272",".319",".415",".734",".312","1.2","0.7","0.6","130.9","19470"
"Jose Abreu","White Sox","55","236","215","59","12","1","11","29","37","14","50","5","1","0",".273",".327",".487",".814",".337","-0.9","-0.5","0.6","76.6","15676"
"David Fletcher","Angels","49","212","195","54","10","1","2","25","18","14","23","1","3","1",".277",".326",".373",".699",".302","1.2","0.2","0.6","384.0","17992"
"Luke Voit","Yankees","37","161","139","36","6","1","7","21","22","18","42","2","0","0",".259",".353",".470",".823",".349","-0.4","-0.2","0.6","184.2","14811"
"Brandon Crawford","Giants","49","210","188","47","10","1","5","22","21","18","43","1","1","1",".248",".316",".387",".703",".297","1.4","-0.2","0.6","591.0","5343"
"Justin Upton","Angels","52","223","196","46","9","0","11","29","33","24","68","2","2","1",".237",".323",".455",".778",".328","-1.0","0.1","0.6","210.1","5222"
"Salvador Perez","Royals","45","180","169","42","8","0","9","20","26","6","37","3","0","0",".250",".287",".461",".749",".311","2.1","-0.7","0.6","161.5","7304"
"Tyler Flowers","Braves","25","97","84","19","3","0","3","10","11","9","29","3","0","0",".229",".321",".376",".697",".301","0.4","-0.2","0.6","579.8","9134"
"Charlie Blackmon","Rockies","49","212","193","57","11","2","9","32","28","15","39","3","2","1",".296",".354",".521",".875",".364","-1.3","-0.2","0.6","60.7","7859"
"Travis d'Arnaud","Braves","32","128","116","30","6","0","5","15","19","10","25","1","0","0",".257",".317",".432",".750",".317","-0.1","-0.1","0.6","253.8","7739"
"Nicholas Castellanos","Reds","54","233","213","59","16","1","10","30","33","16","54","2","1","1",".278",".333",".510",".843",".349","-1.6","-0.2","0.6","75.0","11737"
"Jason Heyward","Cubs","47","205","181","46","8","1","6","24","23","21","34","1","3","1",".256",".335",".406",".741",".317","2.3","0.4","0.6","560.9","4940"
"Hanser Alberto","Orioles","53","228","217","62","9","1","5","23","22","7","22","1","2","1",".284",".308",".403",".711",".301","1.6","-0.3","0.5","506.3","11902"
"Austin Hays","Orioles","44","189","177","45","9","1","8","24","24","9","42","2","4","2",".254",".295",".454",".749",".313","0.2","0.0","0.5","271.5","19363"
"Yuli Gurriel","Astros","54","233","217","62","14","0","8","29","35","12","27","2","1","1",".284",".325",".472",".797",".333","-1.2","-0.6","0.5","158.7","19198"
"J.D. Davis","Mets","46","199","181","48","9","0","9","24","26","16","48","1","1","0",".264",".326",".463",".790",".331","-1.5","-0.1","0.5","159.0","16219"
"Ian Happ","Cubs","43","184","159","38","8","1","8","23","24","22","55","1","3","1",".241",".336",".452",".788",".332","-1.1","0.2","0.5","271.4","17919"
"Kole Calhoun","Diamondbacks","47","205","179","44","9","1","8","26","26","22","48","2","1","1",".246",".334",".450",".783",".330","0.8","-0.2","0.5","429.2","11200"
"Mike Yastrzemski","Giants","51","220","198","48","11","1","7","26","26","19","57","2","2","2",".244",".313",".428",".741",".312","1.2","-0.1","0.5","357.2","14854"
"Randal Grichuk","Blue Jays","47","205","188","46","11","1","11","26","30","13","56","2","1","1",".243",".296",".487",".784",".324","-1.8","-0.1","0.5","275.8","10243"
"Jose Iglesias","Orioles","50","215","201","54","11","1","4","23","21","10","27","2","3","2",".268",".306",".386",".692",".294","1.5","-0.2","0.5","576.7","10231"
"Franmil Reyes","Indians","49","210","188","49","8","0","13","29","36","19","59","1","0","0",".259",".325",".515",".840",".346","0.0","-0.2","0.5","111.5","14566"
"Miguel Rojas","Marlins","42","181","167","45","9","0","3","18","17","10","22","2","3","1",".270",".318",".378",".696",".298","1.4","-0.2","0.5","589.8","7802"
"Wilson Ramos","Mets","39","154","140","39","6","0","5","16","21","12","24","1","0","0",".276",".334",".434",".768",".324","-1.0","-0.9","0.5","174.7","1433"
"Bryan Reynolds","Pirates","52","225","203","56","12","2","6","29","26","18","50","2","2","1",".276",".340",".438",".778",".331","-1.4","0.0","0.5","191.1","19326"
"Evan Longoria","Giants","47","202","184","47","10","1","7","21","25","14","41","2","1","0",".255",".311",".431",".741",".311","-0.1","0.0","0.5","566.0","9368"
"Austin Barnes","Dodgers","23","92","80","18","4","0","2","11","10","10","21","2","1","1",".230",".327",".368",".696",".301","0.3","-0.1","0.5","586.6","12158"
"Martin Maldonado","Astros","34","135","121","26","5","0","4","14","15","9","34","3","0","0",".215",".286",".361",".647",".279","1.4","-0.3","0.5","571.6","6887"
"Marwin Gonzalez","Twins","41","176","159","42","9","0","6","21","23","13","37","2","1","1",".266",".330",".440",".770",".325","0.4","-0.3","0.5","547.6","5497"
"Ender Inciarte","Braves","44","192","173","46","8","2","3","23","17","16","28","1","6","3",".268",".331",".390",".721",".309","1.1","0.4","0.5","489.3","4922"
"Nicky Lopez","Royals","47","202","184","50","8","2","2","22","17","14","22","1","4","2",".269",".323",".367",".689",".299","1.8","0.0","0.5","574.2","19339"
"Hunter Renfroe","Rays","44","189","173","40","8","0","11","23","29","13","56","1","1","0",".232",".291",".471",".762",".315","0.8","0.0","0.5","266.2","15464"
"Robinson Cano","Mets","48","207","190","50","12","0","6","23","24","14","33","2","0","0",".265",".319",".425",".743",".313","-0.3","-0.6","0.5","444.1","3269"
"Kevin Newman","Pirates","47","205","189","53","9","2","3","23","19","12","26","2","6","3",".280",".326",".397",".723",".308","-0.7","0.0","0.5","195.9","17696"
"Hunter Dozier","Royals","47","202","181","46","11","2","8","24","27","18","54","1","1","1",".252",".321",".458",".779",".327","-0.8","-0.4","0.5","199.0","15117"
"Nick Senzel","Reds","49","212","191","50","11","1","6","26","24","17","52","1","6","2",".262",".325",".432",".757",".321","-0.6","0.1","0.5","201.6","19293"
"Shogo Akiyama","Reds","45","194","174","48","9","1","5","24","20","17","34","2","3","2",".276",".344",".437",".780",".332","-0.4","-0.3","0.5","260.9","27461"
"Starlin Castro","Nationals","47","205","191","54","10","1","7","23","27","10","35","1","1","1",".285",".323",".449",".771",".323","-1.0","-0.4","0.5","239.5","4579"
"Ji-Man Choi","Rays","40","174","148","37","8","0","7","21","22","22","42","1","1","1",".249",".347",".437",".784",".333","-0.5","-0.1","0.5","558.3","5452"
"Avisail Garcia","Brewers","48","207","190","52","9","1","9","25","30","13","48","2","3","1",".275",".326",".470",".796",".333","-0.3","-0.1","0.5","201.4","5760"
"Reese McGuire","Blue Jays","28","111","101","24","5","1","3","12","11","8","22","1","1","1",".241",".301",".379",".680",".291","0.3","-0.1","0.5","582.9","15674"
"Nomar Mazara","White Sox","42","181","164","42","8","1","8","22","25","13","42","2","1","0",".254",".314",".457",".771",".322","-0.1","-0.1","0.5","281.3","14553"
"Yoenis Cespedes","Mets","41","176","158","41","8","0","9","22","28","15","44","2","1","0",".258",".325",".489",".815",".337","0.0","0.0","0.4","255.6","13110"
"A.J. Pollock","Dodgers","40","174","158","40","8","1","7","22","23","12","37","2","4","1",".256",".316",".455",".770",".323","-0.5","0.4","0.4","312.0","9256"
"Daniel Vogelbach","Brewers","36","155","130","31","5","0","7","19","21","23","39","1","0","0",".234",".351",".445",".796",".339","0.0","-0.1","0.4","566.8","14130"
"Tucker Barnhart","Reds","33","130","114","28","6","0","3","12","14","14","26","1","0","0",".244",".328",".384",".713",".304","1.7","-0.4","0.4","484.7","10200"
"Corey Dickerson","Marlins","45","194","181","49","12","1","7","22","24","11","39","1","1","1",".272",".315",".463",".778",".322","0.3","-0.4","0.4","300.5","10762"
"Howie Kendrick","Nationals","48","207","189","56","12","0","7","26","27","15","33","2","2","1",".298",".352",".470",".822",".347","-0.2","-0.6","0.4","249.0","4229"
"Nick Solak","Rangers","41","179","160","43","7","1","6","22","22","15","39","2","2","1",".267",".336",".434",".770",".328","-0.5","0.1","0.4","284.6","19294"
"Khris Davis","Athletics","54","233","207","49","8","0","14","30","39","21","67","2","0","0",".237",".313",".482",".795",".330","0.0","-0.5","0.4","176.8","9112"
"Johan Camargo","Braves","33","142","130","34","8","1","4","16","18","10","28","1","0","0",".263",".319",".436",".754",".317","0.7","0.0","0.4","573.7","14950"
"Manny Pina","Brewers","25","97","88","22","4","0","3","9","11","7","23","1","0","0",".245",".304",".394",".699",".298","1.0","-0.2","0.4","599.6","2829"
"Tom Murphy","Mariners","32","127","117","26","5","1","5","13","16","8","43","1","1","0",".218",".273",".419",".692",".290","0.1","0.2","0.4","259.8","13499"
"Alex Avila","Twins","20","81","66","14","3","0","3","9","9","14","28","0","0","0",".209",".344",".373",".717",".311","0.6","-0.2","0.4","596.9","7476"
"Jesse Winker","Reds","40","174","150","42","8","0","5","21","20","20","28","2","0","1",".281",".371",".444",".814",".348","-0.7","-0.5","0.4","437.5","13590"
"Justin Smoak","","46","197","167","40","8","0","9","23","28","28","47","1","0","0",".237",".350",".455",".804",".341","-0.1","-0.7","0.4","434.3","9054"
"Elvis Andrus","Rangers","55","238","220","59","12","1","5","28","25","15","37","1","8","3",".268",".315",".394",".710",".303","-0.7","0.6","0.4","148.8","8709"
"Max Stassi","Angels","21","83","74","15","3","0","3","9","8","7","25","1","0","0",".206",".282",".361",".643",".278","-0.2","-0.1","0.4","600.7","10059"
"Mauricio Dubon","Giants","45","194","182","48","9","1","5","20","19","9","30","1","5","2",".264",".300",".396",".696",".295","1.2","0.0","0.4","367.4","16530"
"Mallex Smith","Mariners","44","192","172","43","7","3","2","22","15","15","43","2","14","4",".248",".317",".360",".676",".294","-0.8","1.6","0.4","169.0","13608"
"Lourdes Gurriel Jr.","Blue Jays","49","210","196","52","10","0","9","26","30","10","48","2","3","2",".264",".305",".456",".761",".319","-0.1","-0.2","0.4","155.7","19238"
"Niko Goodrum","Tigers","50","218","196","48","11","1","6","26","22","18","60","1","5","2",".243",".309",".408",".717",".305","-2.2","0.8","0.4","283.6","12092"
"Manuel Margot","Rays","34","148","134","33","6","1","4","17","16","11","29","1","5","2",".249",".306",".395",".701",".298","1.5","0.4","0.4","564.2","14712"
"Christian Walker","Diamondbacks","49","210","186","47","10","1","9","27","29","19","55","2","2","0",".252",".328",".462",".790",".331","0.3","0.3","0.4","206.3","13419"
"Wil Myers","Padres","52","223","197","46","10","1","9","26","27","22","68","1","7","2",".235",".315",".434",".749",".317","-0.1","0.5","0.4","240.2","10047"
"Nico Hoerner","Cubs","36","155","143","39","7","2","3","18","17","9","19","2","2","1",".272",".320",".411",".731",".311","0.5","0.0","0.4","555.3","21479"
"Josh Reddick","Astros","39","168","153","41","7","1","5","19","19","13","24","0","2","1",".268",".324",".419",".743",".314","0.2","0.1","0.4","575.3","3892"
"David Dahl","Rockies","48","207","188","52","11","2","9","29","28","14","55","2","3","1",".276",".330",".489",".819",".341","-0.6","0.3","0.4","149.5","13744"
"Austin Romine","Tigers","31","123","115","29","6","0","4","14","15","6","26","0","0","0",".255",".294",".413",".707",".298","0.0","-0.2","0.4","406.9","5491"
"Ryan Braun","Brewers","51","220","201","54","12","1","10","29","33","16","44","2","4","1",".270",".327",".484",".812",".338","-0.1","-0.3","0.4","218.0","3410"
"Yan Gomes","Nationals","31","123","110","26","6","0","5","13","16","9","31","2","0","0",".235",".303",".409",".712",".300","0.8","-0.2","0.4","540.6","9627"
"Austin Riley","Braves","39","168","154","38","8","1","9","22","26","11","49","2","0","1",".250",".307",".493",".800",".330","-0.6","-0.2","0.4","282.0","18360"
"Victor Caratini","Cubs","37","153","137","36","7","0","5","18","18","14","31","2","0","0",".264",".334",".419",".754",".322","-0.3","-0.1","0.4","433.8","14968"
"Tommy La Stella","Athletics","31","135","120","33","6","0","4","17","15","10","16","1","0","0",".275",".332",".421",".753",".315","0.6","0.0","0.4","329.3","12371"
"Scott Kingery","Phillies","50","218","200","49","11","1","6","24","23","13","58","2","6","2",".243",".296",".404",".700",".297","0.8","0.9","0.4","168.0","17975"
"Gregory Polanco","Pirates","42","181","160","40","9","1","7","22","24","18","43","1","3","1",".247",".325",".455",".780",".326","0.0","0.2","0.4","391.7","12907"
"Maikel Franco","Royals","42","181","165","43","9","0","7","20","25","14","26","1","0","0",".259",".319",".448",".767",".314","-0.7","-0.3","0.4","529.1","12179"
"Alex Gordon","Royals","44","189","168","43","8","0","5","21","20","16","37","4","2","1",".254",".330",".387",".717",".308","2.0","-0.3","0.4","584.9","5209"
"Chris Taylor","Dodgers","26","111","99","25","6","1","3","14","13","10","30","1","2","1",".252",".325",".431",".757",".320","-0.7","0.3","0.3","470.3","13757"
"Robinson Chirinos","Mets","35","137","117","26","6","0","5","16","17","15","40","4","0","0",".222",".328",".407",".735",".317","0.3","-0.4","0.3","353.4","3142"
"Tyler Naquin","Indians","29","127","117","32","6","1","4","15","15","8","30","1","1","1",".274",".322",".448",".770",".322","1.1","-0.1","0.3","593.7","13359"
"Joey Wendle","Rays","26","114","105","27","6","1","2","12","11","6","22","2","3","1",".258",".309",".384",".693",".296","0.8","0.2","0.3","585.2","13853"
"Willie Calhoun","Rangers","44","192","174","47","9","1","9","25","26","15","29","1","1","0",".268",".327",".484",".811",".338","-1.2","0.0","0.3","202.3","17838"
"Enrique Hernandez","Dodgers","26","114","101","24","5","1","4","14","15","11","24","1","1","0",".242",".320",".436",".756",".318","-0.1","0.2","0.3","564.7","10472"
"Rio Ruiz","Orioles","37","161","144","35","7","1","5","17","18","14","36","0","0","1",".242",".310",".394",".704",".300","0.8","-0.3","0.3","591.0","14103"
"Jordan Luplow","Indians","23","101","88","22","5","1","4","13","13","11","24","1","1","1",".250",".335",".447",".782",".331","0.9","0.0","0.3","594.4","16424"
"Rougned Odor","Rangers","49","210","190","44","10","1","10","27","30","16","58","3","5","3",".232",".299",".451",".750",".313","-1.0","0.2","0.3","231.5","12282"
"Dylan Carlson","Cardinals","41","179","159","40","8","2","6","21","20","16","40","2","4","2",".251",".322",".432",".754",".318","-0.4","-0.1","0.3","999.0","20126"
"Oscar Mercado","Indians","47","202","183","47","10","1","4","24","21","14","40","2","8","4",".255",".313",".388",".701",".301","0.5","0.3","0.3","125.1","16375"
"Yasiel Puig","","25","106","96","25","5","0","5","13","16","9","22","1","3","1",".264",".329",".474",".803",".336","0.2","-0.2","0.3","234.6","14225"
"Eric Thames","Nationals","41","176","152","36","8","1","9","23","25","20","54","3","1","1",".239",".337",".477",".814",".340","-0.7","-0.1","0.3","389.3","3711"
"Teoscar Hernandez","Blue Jays","46","197","177","41","8","1","9","25","27","17","61","1","3","2",".235",".305",".452",".757",".317","-0.4","0.0","0.3","367.6","13066"
"Austin Nola","Padres","37","152","136","33","7","0","3","15","15","12","32","2","1","0",".241",".310",".361",".671",".291","0.3","0.1","0.3","573.3","15941"
"Alec Bohm","Phillies","22","93","84","22","4","0","3","11","12","7","16","1","1","0",".264",".325",".440",".766",".323","0.2","0.0","0.3","999.0","21618"
"Dexter Fowler","Cardinals","47","202","173","41","8","1","6","24","22","25","49","2","3","1",".235",".337",".398",".735",".318","-1.1","0.2","0.3","589.6","4062"
"Cameron Maybin","Cubs","40","174","153","39","8","0","4","22","16","18","39","1","5","3",".257",".339",".389",".728",".316","0.0","-0.2","0.3","551.7","5223"
"Shed Long","Mariners","43","184","166","39","8","1","5","21","17","15","49","1","3","2",".237",".302",".383",".685",".294","-0.6","0.1","0.3","544.9","16542"
"Mitch Haniger","Mariners","19","83","72","18","4","0","3","11","10","8","21","1","1","0",".248",".336",".457",".793",".334","0.3","-0.1","0.3","578.7","14274"
"Mike Tauchman","Yankees","19","83","74","19","4","0","2","10","10","8","18","1","2","1",".255",".328",".413",".740",".315","1.2","0.0","0.3","558.8","15274"
"Isan Diaz","Marlins","46","197","175","41","8","1","6","22","22","19","50","1","3","1",".234",".313",".388",".701",".302","-1.0","0.0","0.3","584.0","17922"
"Franklin Barreto","Angels","26","114","104","24","5","1","4","14","14","8","36","2","2","1",".232",".293",".413",".707",".299","0.0","0.2","0.3","577.2","15519"
"Jo Adell","Angels","24","104","95","24","5","0","4","12","12","6","29","1","2","1",".257",".311",".429",".740",".313","0.7","0.1","0.3","304.1","20220"
"Omar Narvaez","Brewers","34","133","116","31","5","0","5","15","15","14","24","1","0","0",".266",".347",".431",".778",".333","-2.1","-0.2","0.3","187.9","13338"
"Joe Panik","Blue Jays","25","109","97","26","5","1","2","12","10","9","11","1","1","1",".264",".330",".388",".718",".308","0.0","-0.2","0.3","999.0","11936"
"Shin-Soo Choo","Rangers","51","220","188","47","9","0","7","29","21","26","55","4","4","1",".250",".353",".417",".770",".332","-0.2","0.3","0.3","229.4","3174"
"Jorge Alfaro","Marlins","41","161","149","36","6","0","5","15","17","7","54","4","1","1",".240",".290",".386",".676",".286","-0.7","-0.4","0.3","218.3","12180"
"Danny Santana","Rangers","49","210","196","50","10","2","8","27","27","11","58","2","7","3",".255",".297",".455",".752",".313","-1.2","0.4","0.3","139.4","10322"
"D.J. Stewart","Orioles","39","168","147","36","7","1","6","21","20","17","38","2","3","2",".243",".328",".426",".755",".321","-0.6","-0.1","0.3","598.6","17766"
"Francisco Mejia","Padres","41","165","151","38","8","1","5","18","18","9","34","2","1","0",".255",".304",".418",".722",".303","-0.1","0.1","0.3","236.3","16403"
"Eric Hosmer","Padres","52","225","204","54","10","1","8","26","30","18","49","1","1","1",".265",".327",".436",".763",".321","0.1","-0.5","0.3","253.7","3516"
"Eric Sogard","Brewers","26","114","101","26","5","0","2","13","9","11","17","1","2","0",".257",".333",".382",".714",".308","0.3","0.2","0.3","582.7","7927"
"Michael Chavis","Red Sox","40","171","155","38","7","0","8","21","24","13","51","2","1","0",".246",".309",".458",".767",".321","-1.3","0.0","0.3","344.1","17321"
"Asdrubal Cabrera","Nationals","40","174","156","42","9","0","6","21","25","15","34","1","1","0",".269",".336",".449",".784",".331","-0.7","-0.5","0.3","543.4","4962"
"Jarrod Dyson","White Sox","31","135","119","29","4","1","2","16","10","12","23","1","8","2",".240",".315",".330",".645",".284","1.5","1.0","0.2","444.0","4866"
"Derek Fisher","Blue Jays","28","119","104","24","4","1","5","15","14","13","38","1","3","1",".228",".314",".418",".732",".311","0.2","0.2","0.2","598.6","16192"
"Steven Souza Jr.","","29","127","111","26","5","1","6","15","17","14","38","1","2","1",".236",".324",".446",".770",".326","0.1","0.3","0.2","582.2","5667"
"Brock Holt","Nationals","26","111","97","25","5","1","2","12","11","11","23","2","1","1",".259",".342",".381",".724",".314","-0.1","-0.2","0.2","599.0","9345"
"Anthony Santander","Orioles","48","207","193","49","11","1","8","23","27","11","42","2","1","1",".257",".300",".439",".739",".310","0.0","0.0","0.2","453.8","14551"
"Tyler O'Neill","Cardinals","43","184","167","40","7","0","10","23","26","14","59","1","2","0",".242",".301",".459",".759",".317","-0.1","0.4","0.2","506.6","15711"
"Tyler Heineman","Giants","21","83","75","18","3","0","2","8","7","6","14","1","1","0",".244",".304",".363",".667",".287","0.4","0.1","0.2","597.4","13897"
"Kevin Pillar","Rockies","25","106","100","27","7","0","3","13","14","4","17","1","2","1",".268",".303",".436",".739",".309","0.8","0.2","0.2","548.0","12434"
"Adam Duvall","Braves","33","142","128","30","7","1","7","18","22","10","37","2","1","1",".233",".298",".464",".763",".316","1.0","0.1","0.2","583.5","10950"
"Freddy Galvis","Reds","50","218","201","50","10","1","6","22","25","13","49","1","3","1",".248",".294",".396",".690",".292","0.1","0.1","0.2","487.1","6609"
"Mike Ford","Yankees","16","67","59","15","3","0","3","9","10","7","13","1","0","0",".256",".341",".483",".823",".344","0.0","0.0","0.2","594.0","15585"
"Todd Frazier","Mets","46","197","173","41","8","0","9","24","28","19","43","3","1","1",".239",".325",".438",".763",".323","0.4","-0.4","0.2","559.0","785"
"Jason Kipnis","Cubs","23","101","90","23","5","0","3","11","12","9","19","1","1","0",".250",".317",".420",".738",".313","-0.1","0.1","0.2","584.5","9776"
"Luis Rengifo","Angels","19","80","72","18","3","1","2","9","8","7","16","1","2","1",".249",".321",".383",".705",".304","0.1","-0.1","0.2","599.5","19858"
"Mitch Moreland","Padres","41","179","159","39","9","0","8","22","26","17","41","1","0","0",".245",".320",".450",".770",".323","0.6","-0.5","0.2","572.4","3086"
"Tony Kemp","Athletics","24","104","93","24","4","1","2","12","10","9","15","1","3","1",".259",".326",".379",".704",".304","-0.4","-0.1","0.2","594.9","14894"
"Jesus Aguilar","Marlins","38","166","146","36","7","0","7","20","23","17","40","1","0","0",".245",".326",".432",".758",".322","0.3","-0.3","0.2","483.1","11342"
"Alex Dickerson","Giants","38","163","147","39","8","1","5","19","19","12","33","2","1","0",".263",".328",".432",".760",".320","-1.1","0.0","0.2","584.6","12649"
"Jose Peraza","Red Sox","30","129","120","33","6","1","2","14","13","6","17","2","4","2",".278",".319",".390",".709",".304","0.0","0.1","0.2","298.0","13593"
"Wilmer Flores","Giants","26","114","105","30","6","0","4","12","14","7","13","1","0","0",".282",".328",".452",".780",".329","-0.5","-0.3","0.2","589.3","5827"
"Domingo Santana","Indians","26","114","100","25","5","0","5","14","16","12","37","1","2","1",".253",".337",".456",".792",".335","-0.9","0.1","0.2","306.7","10348"
"Ke'Bryan Hayes","Pirates","20","85","77","19","5","0","2","9","9","7","17","1","2","1",".251",".313",".390",".703",".301","0.7","0.1","0.2","586.3","18577"
"Brad Miller","Cardinals","26","111","98","24","5","1","5","13","15","11","30","1","1","1",".240",".320",".449",".768",".324","-0.1","-0.1","0.2","600.9","12775"
"Jake Lamb","Diamondbacks","37","161","137","32","7","1","6","20","22","20","42","1","1","0",".232",".335",".435",".770",".326","-0.6","0.3","0.2","537.7","13329"
"Tony Wolters","Rockies","36","142","124","31","6","1","1","15","13","14","26","2","0","0",".250",".333",".353",".686",".296","1.8","0.0","0.2","574.2","11470"
"Miguel Andujar","Yankees","41","176","164","44","9","1","7","21","25","9","30","1","1","1",".268",".306",".461",".767",".320","-1.3","-0.1","0.2","285.6","15878"
"David Bote","Cubs","22","93","82","20","4","0","3","11","11","9","24","1","1","1",".244",".326",".409",".735",".313","-0.1","0.1","0.2","585.6","14593"
"Matt Joyce","Marlins","29","124","105","25","5","0","4","15","12","18","27","0","0","0",".237",".346",".412",".758",".327","-0.2","-0.1","0.2","600.4","3353"
"Jon Berti","Marlins","16","70","62","15","2","0","1","8","6","6","16","1","4","1",".241",".317",".364",".680",".296","0.4","0.4","0.2","247.1","12037"
"Adam Haseley","Phillies","38","166","150","38","7","1","4","19","17","11","36","2","3","1",".253",".314",".391",".705",".301","-0.3","0.2","0.2","585.4","19878"
"Renato Nunez","Orioles","52","223","201","49","9","0","11","27","32","17","55","3","0","0",".243",".308",".457",".765",".321","0.0","-0.1","0.2","302.1","14503"
"Kurt Suzuki","Nationals","26","104","95","25","5","0","4","12","16","6","13","3","0","0",".265",".323",".450",".773",".326","-1.3","-0.3","0.2","350.8","8259"
"Rowdy Tellez","Blue Jays","33","142","128","32","7","0","6","17","20","11","36","1","1","1",".250",".313",".458",".771",".322","0.0","-0.1","0.2","553.0","15679"
"Jedd Gyorko","Brewers","19","80","71","18","3","0","4","10","11","8","18","0","1","0",".249",".326",".451",".777",".328","0.1","-0.1","0.2","599.8","10816"
"Cam Gallagher","Royals","11","43","39","10","2","0","1","4","4","3","7","0","0","0",".250",".308",".365",".673",".290","0.4","-0.1","0.2","600.4","12981"
"Austin Allen","Athletics","19","74","68","16","4","0","2","8","9","5","17","1","0","0",".244",".296",".411",".708",".297","-0.5","0.0","0.2","574.5","18083"
"Ryan McMahon","Rockies","46","197","176","46","10","1","7","23","26","18","55","1","2","1",".263",".333",".454",".786",".331","-0.2","0.1","0.2","172.6","15112"
"Victor Reyes","Tigers","36","155","147","40","7","1","3","18","14","7","30","0","4","2",".271",".303",".390",".693",".294","1.3","0.2","0.2","555.6","15487"
"Rob Brantly","Yankees","26","102","93","23","4","0","2","10","9","6","17","1","0","0",".246",".298",".358",".655",".281","0.0","0.0","0.2","599.3","10655"
"Russell Martin","","11","43","36","8","1","0","1","5","4","6","10","1","0","0",".213",".335",".342",".677",".299","0.0","-0.1","0.2","999.0","4616"
"JaCoby Jones","Tigers","46","197","178","40","9","1","5","22","19","14","59","3","5","1",".227",".293",".380",".673",".288","-0.2","0.5","0.2","589.3","14818"
"Chance Sisco","Orioles","29","114","99","23","5","0","4","13","13","10","33","3","0","0",".237",".326",".400",".726",".313","-0.8","0.0","0.2","561.9","15694"
"Zack Cozart","","15","65","58","14","3","0","2","7","7","5","11","1","0","0",".245",".310",".404",".714",".304","0.4","-0.1","0.2","999.0","2616"
"Brian Goodwin","Reds","34","145","131","31","7","1","5","17","17","12","41","1","2","1",".235",".302",".415",".717",".303","-0.1","0.1","0.2","585.8","12858"
"Josh Naylor","Indians","40","171","153","41","8","0","5","20","21","15","29","1","1","1",".265",".332",".426",".758",".321","-0.5","-0.1","0.2","594.3","18839"
"Curt Casali","Reds","23","90","80","19","4","0","3","9","10","8","21","1","0","0",".233",".311",".385",".696",".299","-0.4","-0.1","0.2","597.6","12510"
"Aledmys Diaz","Astros","16","67","61","16","3","0","2","8","9","5","10","1","1","0",".259",".319",".434",".753",".317","-0.5","-0.1","0.2","590.0","15937"
"James McCann","White Sox","19","77","71","17","3","0","2","8","9","5","21","1","0","0",".242",".301",".388",".689",".295","0.4","-0.1","0.2","464.0","12859"
"Chad Pinder","Athletics","16","67","61","15","3","0","2","8","8","4","17","1","0","0",".246",".303",".419",".722",".306","0.5","-0.1","0.2","597.7","15191"
"Dustin Garneau","Astros","13","52","46","10","2","0","2","6","6","4","14","1","0","0",".208",".284",".373",".658",".282","0.3","0.0","0.2","599.3","9433"
"Colin Moran","Pirates","41","179","162","43","9","1","5","18","23","13","39","1","0","1",".263",".320",".420",".739",".312","-1.3","-0.5","0.2","573.4","16909"
"Franchy Cordero","Royals","31","135","122","28","5","2","5","15","16","10","47","1","3","1",".228",".290",".413",".703",".297","0.2","0.3","0.2","491.3","14567"
"Jay Bruce","Phillies","40","171","155","37","8","1","10","21","29","14","41","0","1","0",".241",".302",".490",".793",".327","-0.1","-0.1","0.2","547.5","9892"
"Albert Almora Jr.","Cubs","29","127","118","32","6","1","3","14","13","7","22","0","1","1",".268",".306",".413",".719",".302","-0.1","-0.2","0.2","598.8","14109"
"Daniel Murphy","Rockies","46","197","180","52","12","1","7","24","29","14","29","1","1","0",".290",".342",".484",".826",".345","-0.1","-0.1","0.1","245.5","4316"
"Leury Garcia","White Sox","33","142","133","35","6","1","2","17","13","6","32","2","3","1",".266",".301",".374",".675",".289","0.3","0.2","0.1","570.8","5913"
"Jake Marisnick","Mets","20","88","80","18","4","1","3","11","10","5","27","1","3","1",".223",".280",".404",".685",".289","0.2","0.3","0.1","600.4","11339"
"Dee Gordon","Mariners","35","150","141","39","5","2","1","16","10","5","22","2","8","3",".274",".306",".357",".663",".285","-0.8","0.6","0.1","481.6","8203"
"Brett Phillips","Rays","21","91","79","16","3","1","2","10","9","10","31","1","3","1",".206",".298",".369",".668",".287","1.5","0.3","0.1","601.0","14735"
"Brendan Rodgers","Rockies","29","124","114","32","6","1","4","15","16","7","26","2","1","1",".278",".329",".458",".787",".331","0.2","0.0","0.1","535.9","17907"
"Bradley Zimmer","Indians","27","117","104","23","5","1","3","14","13","10","40","2","5","1",".226",".303",".383",".685",".295","1.0","0.6","0.1","595.7","16221"
"Jose Martinez","Cubs","25","106","95","26","4","0","3","12","13","9","23","1","1","0",".269",".335",".411",".746",".320","0.0","0.0","0.1","554.9","7996"
"Austin Slater","Giants","18","78","68","17","4","0","2","9","8","8","21","1","1","0",".252",".337",".395",".732",".315","0.0","0.1","0.1","999.0","16153"
"Kevin Plawecki","Red Sox","11","45","40","10","2","0","1","5","5","4","9","1","0","0",".247",".319",".385",".704",".303","0.0","-0.1","0.1","600.5","13807"
"Jake Rogers","Tigers","13","50","44","9","2","0","2","5","5","4","15","1","0","0",".206",".284",".383",".667",".285","0.5","-0.1","0.1","600.7","19452"
"Michael Perez","Rays","15","59","54","12","2","0","2","6","6","5","15","0","0","0",".229",".292",".367",".659",".283","0.5","-0.1","0.1","999.0","12977"
"Logan Morrison","","19","83","73","18","4","0","5","11","12","8","19","1","0","0",".241",".321",".485",".806",".337","0.0","0.0","0.1","600.2","9205"
"Kevin Cron","Diamondbacks","19","80","71","18","4","0","5","11","13","7","22","1","0","0",".247",".318",".498",".817",".337","0.0","-0.1","0.1","576.6","16211"
"Willians Astudillo","Twins","7","30","28","8","1","0","1","4","4","1","2","1","0","0",".291",".322",".451",".773",".326","0.1","-0.1","0.1","570.2","15608"
"Kyle Higashioka","Yankees","7","28","26","6","1","0","1","3","4","2","7","0","0","0",".224",".278",".430",".708",".296","-0.1","0.0","0.1","596.8","5517"
"Ryan O'Hearn","Royals","36","155","138","32","7","1","6","18","19","15","41","1","0","0",".232",".312",".437",".749",".315","-0.1","-0.1","0.1","591.2","16442"
"Daniel Robertson","Giants","12","52","45","10","2","0","1","6","5","5","13","1","0","0",".231",".327",".351",".678",".299","0.1","-0.1","0.1","999.0","14145"
"Garrett Stubbs","Astros","13","50","45","10","2","0","1","6","5","4","10","0","1","0",".227",".297",".339",".636",".277","0.4","0.1","0.1","599.6","18067"
"Christin Stewart","Tigers","37","158","139","33","7","1","6","18","19","16","40","2","0","0",".240",".322",".432",".755",".319","-1.5","-0.1","0.1","595.0","17714"
"Myles Straw","Astros","10","44","39","10","1","0","0","5","3","4","8","0","2","1",".260",".334",".328",".662",".293","0.2","0.2","0.1","579.1","17620"
"Orlando Arcia","Brewers","20","88","80","20","4","0","2","9","9","6","17","0","2","1",".247",".303",".385",".688",".291","0.4","0.0","0.1","576.3","13185"
"Willi Castro","Tigers","14","60","55","14","3","1","1","7","6","3","13","1","1","1",".256",".304",".386",".690",".295","-0.1","0.0","0.1","600.8","17338"
"Donovan Solano","Giants","23","98","92","25","5","0","1","10","8","4","17","1","0","0",".270",".307",".362",".669",".288","0.4","-0.1","0.1","600.4","8623"
"Ryan Mountcastle","Orioles","24","104","98","26","5","0","4","12","14","4","24","1","1","0",".267",".299",".449",".748",".312","0.2","0.1","0.1","556.8","18373"
"Robbie Grossman","Athletics","14","60","51","13","3","0","1","7","6","7","11","0","1","0",".249",".346",".380",".726",".317","-0.3","0.0","0.1","599.1","5254"
"John Ryan Murphy","Pirates","20","78","72","15","3","0","2","8","8","5","21","0","0","0",".210",".264",".352",".616",".263","0.0","0.0","0.1","999.0","10346"
"Pedro Severino","Orioles","27","107","97","23","4","0","3","11","12","8","22","1","1","0",".236",".297",".386",".683",".292","-0.4","0.0","0.1","538.3","14523"
"Cole Tucker","Pirates","21","91","82","20","4","1","1","10","8","7","19","1","2","1",".242",".306",".370",".676",".290","0.1","0.1","0.1","597.7","17326"
"Francisco Cervelli","Marlins","31","126","108","25","4","0","3","12","13","14","30","3","1","0",".229",".334",".347",".680",".301","-0.5","-0.1","0.1","597.9","5275"
"Phillip Ervin","Mariners","21","91","81","20","4","1","3","11","10","8","22","1","3","1",".245",".320",".418",".737",".314","0.1","0.0","0.1","600.7","14738"
"Sandy Leon","Indians","19","73","66","14","3","0","2","7","7","5","19","1","0","0",".216",".277",".331",".607",".263","0.4","-0.1","0.1","600.9","5273"
"Stephen Vogt","Diamondbacks","32","134","121","30","8","1","5","15","18","10","29","0","1","0",".247",".306",".442",".748",".314","-0.9","-0.1","0.1","563.7","5000"
"Brandon Drury","Blue Jays","25","106","97","23","6","0","3","11","11","7","26","1","0","0",".239",".295",".397",".691",".294","-0.1","-0.1","0.1","599.6","11615"
"Ty France","Mariners","17","75","67","17","4","0","3","9","9","5","15","2","0","0",".259",".329",".440",".769",".327","0.0","-0.1","0.1","590.6","17982"
"Jake Cave","Twins","11","49","45","12","2","0","2","6","6","3","14","1","0","0",".258",".318",".436",".754",".318","-0.3","0.0","0.1","599.5","14477"
"Isaac Paredes","Tigers","7","31","28","7","1","0","1","3","3","2","4","0","0","0",".259",".324",".406",".730",".312","0.1","0.0","0.1","600.9","20036"
"Greg Garcia","Padres","11","47","39","10","2","0","0","5","4","6","10","1","0","0",".243",".349",".339",".688",".306","0.0","-0.1","0.1","999.0","10951"
"Josh Rojas","Diamondbacks","14","60","53","14","3","0","2","7","6","5","11","0","2","1",".264",".334",".431",".765",".325","0.1","0.0","0.1","589.5","19734"
"Sheldon Neuse","Athletics","10","41","38","10","2","0","1","4","4","3","12","0","0","0",".250",".301",".385",".686",".293","0.2","0.0","0.1","600.5","19635"
"Garrett Hampson","Rockies","29","127","115","31","5","2","2","14","12","9","27","1","6","2",".267",".324",".398",".722",".309","0.2","0.5","0.1","175.1","19262"
"Garrett Cooper","Marlins","37","161","146","38","8","0","5","17","18","12","39","1","0","0",".260",".320",".409",".729",".311","0.3","-0.2","0.1","506.3","15279"
"Danny Mendick","White Sox","7","31","28","7","1","0","1","4","3","3","6","0","1","0",".245",".316",".383",".699",".301","0.1","0.0","0.1","600.6","18889"
"Dilson Herrera","Orioles","16","70","63","15","3","0","3","8","9","5","20","1","1","1",".231",".295",".418",".713",".301","0.3","-0.1","0.1","999.0","14335"
"Lane Thomas","Cardinals","13","57","51","12","2","1","2","6","7","4","15","0","1","1",".238",".302",".401",".703",".299","0.3","-0.1","0.1","595.5","16939"
"Matt Beaty","Dodgers","23","98","90","24","6","0","3","12","12","6","14","1","1","0",".269",".320",".427",".747",".315","0.0","0.0","0.1","589.1","17710"
"Rene Rivera","Mets","7","26","24","5","1","0","1","3","3","2","8","0","0","0",".216",".272",".385",".657",".279","0.3","-0.1","0.1","999.0","3648"
"Brian Dozier","","6","26","23","5","1","0","1","3","3","3","6","0","0","0",".237",".326",".446",".772",".326","-0.1","0.0","0.1","599.0","9810"
"Abraham Toro","Astros","5","23","21","5","1","0","1","3","3","2","5","0","0","0",".249",".322",".421",".744",".317","0.1","0.0","0.1","599.5","19844"
"Mike Brosseau","Rays","6","26","24","6","1","0","1","3","3","2","6","1","0","0",".250",".308",".406",".715",".304","0.0","0.0","0.1","999.0","19683"
"Matt Wieters","Cardinals","16","64","58","13","2","0","2","6","8","5","14","1","0","0",".232",".299",".397",".696",".296","0.2","-0.1","0.1","597.2","4298"
"Jonathan Lucroy","Red Sox","9","36","32","8","2","0","1","4","4","3","5","0","0","0",".258",".320",".394",".714",".305","-0.2","-0.1","0.1","596.6","7870"
"Ehire Adrianza","Twins","8","36","33","8","2","0","1","4","4","3","7","0","0","0",".259",".318",".397",".715",".305","-0.2","0.0","0.1","596.0","8418"
"Tim Locastro","Diamondbacks","11","49","44","11","3","0","1","6","4","3","9","2","2","0",".256",".329",".385",".715",".310","-0.2","0.3","0.1","598.8","15124"
"Yolmer Sanchez","White Sox","13","57","52","13","3","1","1","6","5","4","12","1","1","0",".252",".310",".369",".679",".293","0.0","0.0","0.1","999.0","11602"
"Ben Gamel","Brewers","15","65","57","15","3","0","1","7","6","6","16","0","1","0",".259",".333",".386",".720",".309","-0.1","0.1","0.1","999.0","12160"
"Ildemaro Vargas","Cubs","14","62","58","16","3","0","1","7","6","3","6","0","1","0",".278",".317",".401",".718",".306","0.0","0.0","0.1","600.3","13324"
"Grayson Greiner","Tigers","14","57","51","11","2","0","1","5","6","4","16","0","0","0",".221",".287",".349",".636",".275","0.2","0.0","0.1","600.2","17062"
"Nate Lowe","Rays","4","18","16","4","1","0","1","2","2","2","4","0","0","0",".262",".345",".453",".798",".338","0.0","0.0","0.1","557.8","19566"
"Jed Lowrie","Mets","13","54","48","12","3","0","1","6","6","5","11","0","0","0",".241",".318",".388",".706",".304","-0.1","-0.1","0.1","600.6","4418"
"Christian Arroyo","Red Sox","7","31","29","7","2","0","1","3","4","2","7","0","0","0",".251",".303",".404",".707",".301","0.1","0.0","0.1","999.0","16434"
"Delino DeShields","Indians","15","65","57","13","3","0","1","8","5","6","16","0","3","1",".232",".310",".333",".643",".283","0.1","0.5","0.1","571.7","11379"
"Adeiny Hechavarria","Braves","10","41","38","10","2","0","1","5","4","2","8","0","0","0",".256",".299",".387",".686",".290","0.2","0.0","0.1","600.6","10459"
"Andrew Knizner","Cardinals","6","24","21","6","1","0","1","3","2","2","4","0","0","0",".260",".319",".391",".710",".305","0.1","0.0","0.1","600.0","19514"
"Jake Cronenworth","Padres","7","31","28","7","1","0","0","3","3","3","6","0","1","0",".255",".325",".356",".680",".297","0.0","0.0","0.0","999.0","18036"
"Travis Demeritte","Tigers","13","57","51","12","3","0","2","7","6","5","18","0","1","0",".229",".304",".416",".720",".306","0.0","0.0","0.0","601.0","15958"
"Jonah Heim","Athletics","6","24","22","5","1","0","0","2","2","2","4","0","0","0",".226",".282",".341",".624",".269","0.2","0.0","0.0","600.9","16930"
"Dawel Lugo","Tigers","13","54","52","14","2","0","1","6","6","2","9","0","1","0",".263",".292",".391",".683",".289","0.1","0.0","0.0","601.0","14713"
"Kevan Smith","Rays","7","26","24","6","1","0","1","3","3","2","4","0","0","0",".258",".310",".379",".689",".296","-0.2","0.0","0.0","601.0","12284"
"Billy Hamilton","Cubs","13","54","49","11","2","1","0","6","3","4","13","0","4","1",".230",".293",".313",".606",".265","0.6","0.5","0.0","580.9","10199"
"Billy McKinney","Blue Jays","7","28","26","6","1","0","1","3","3","2","7","0","0","0",".236",".303",".429",".732",".309","0.1","0.0","0.0","999.0","15654"
"Tim Beckham","","14","62","57","14","3","0","2","7","7","4","18","0","0","0",".239",".295",".422",".717",".303","-0.6","-0.1","0.0","600.6","7949"
"Jaylin Davis","Giants","17","75","68","16","3","0","3","8","8","5","22","1","1","0",".233",".297",".401",".698",".297","0.3","0.0","0.0","601.0","19552"
"Tomas Nido","Mets","16","62","58","13","3","0","2","6","6","3","14","0","0","0",".224",".261",".353",".615",".260","-0.3","0.0","0.0","600.8","13755"
"Luis Guillorme","Mets","7","31","27","7","1","0","0","3","2","3","5","0","0","0",".246",".320",".338",".659",".290","0.0","0.0","0.0","999.0","16451"
"Randy Arozarena","Rays","6","26","23","6","1","0","1","3","3","2","6","1","1","0",".248",".321",".399",".719",".309","-0.1","0.0","0.0","600.2","19290"
"Ramon Urias","Orioles","5","21","18","5","1","0","1","2","2","2","5","0","0","0",".244",".316",".389",".705",".303","0.0","0.0","0.0","999.0","18795"
"Aramis Garcia","Giants","8","33","31","6","1","0","1","3","3","2","11","0","0","0",".212",".264",".354",".619",".264","0.1","0.0","0.0","999.0","16925"
"Matt Reynolds","Royals","5","21","18","5","1","0","0","2","2","2","5","0","0","0",".244",".321",".380",".701",".303","-0.1","0.0","0.0","999.0","13788"
"Clint Frazier","Yankees","8","36","33","8","2","0","1","4","5","3","10","0","0","0",".244",".304",".442",".746",".313","-0.2","0.0","0.0","571.1","15983"
"Vimael Machin","Athletics","8","34","30","7","1","0","0","3","3","3","6","0","0","0",".237",".318",".344",".662",".286","0.0","0.0","0.0","999.0","17684"
"Jonathan Davis","Blue Jays","10","41","37","8","2","0","1","4","4","3","11","1","1","0",".218",".298",".347",".645",".281","0.2","0.0","0.0","999.0","15104"
"Scooter Gennett","","6","26","24","6","1","0","1","3","3","1","6","0","0","0",".262",".307",".418",".725",".306","-0.2","0.0","0.0","598.0","10339"
"Aristides Aquino","Reds","24","104","95","23","4","0","6","13","17","7","30","1","1","1",".240",".294",".477",".771",".318","0.1","0.1","0.0","483.0","15482"
"Santiago Espinal","Blue Jays","9","39","36","9","2","0","1","4","3","2","6","0","1","0",".247",".294",".348",".642",".277","0.3","-0.1","0.0","999.0","19997"
"Yermin Mercedes","White Sox","3","13","11","3","1","0","0","1","2","1","3","0","0","0",".251",".310",".427",".737",".311","-0.1","0.0","0.0","999.0","17423"
"Steven Duggar","Giants","14","62","56","14","3","0","1","6","6","5","18","0","1","1",".243",".309",".367",".676",".292","-0.3","-0.1","0.0","600.8","17719"
"Jake Bauers","Indians","7","31","27","6","1","0","1","4","4","4","8","0","1","0",".236",".326",".407",".733",".315","0.0","0.0","0.0","590.8","15194"
"Thairo Estrada","Yankees","11","49","46","11","2","0","1","5","5","2","10","1","1","0",".250",".292",".379",".672",".287","0.0","0.0","0.0","599.3","16426"
"Jordy Mercer","Yankees","16","70","64","16","3","0","2","7","7","5","13","1","0","0",".248",".308",".385",".693",".293","-0.4","0.0","0.0","999.0","6547"
"Yu-Cheng Chang","Indians","10","41","37","8","2","0","1","5","4","3","12","0","0","0",".224",".291",".375",".667",".286","0.2","0.0","0.0","600.9","14773"
"Chad Wallach","Marlins","4","14","13","3","1","0","0","1","1","1","4","0","0","0",".209",".289",".342",".631",".276","0.0","0.0","0.0","999.0","17161"
"Roman Quinn","Phillies","19","80","72","17","3","1","2","9","8","7","22","1","5","1",".236",".306",".375",".681",".293","-0.7","0.5","0.0","560.4","13546"
"J.T. Riddle","Pirates","13","54","51","12","3","0","1","5","6","3","12","0","0","0",".243",".284",".389",".672",".282","0.1","0.0","0.0","999.0","17642"
"Austin Dean","Cardinals","5","21","19","5","1","0","1","2","3","1","4","0","0","0",".267",".320",".440",".759",".321","-0.2","0.0","0.0","999.0","18288"
"Daniel Johnson Jr.","Indians","6","26","24","6","1","0","1","3","3","2","6","0","1","0",".253",".310",".420",".729",".309","0.1","0.0","0.0","600.6","19643"
"Evan White","Mariners","48","207","190","46","8","1","7","22","23","13","52","2","1","0",".239",".291",".403",".694",".293","0.6","0.2","0.0","416.9","20078"
"Josh Harrison","Nationals","10","41","38","9","2","0","1","4","4","2","8","1","1","0",".244",".297",".375",".672",".288","-0.1","0.1","0.0","600.8","8202"
"Taylor Ward","Angels","3","13","11","3","1","0","0","2","1","1","3","0","0","0",".238",".320",".401",".721",".310","0.0","0.0","0.0","999.0","17548"
"Miguel Cabrera","Tigers","48","207","186","51","9","0","5","20","24","19","41","1","0","0",".272",".341",".408",".749",".320","0.0","-1.3","0.0","403.7","1744"
"Daulton Varsho","Diamondbacks","1","5","4","1","0","0","0","1","1","0","1","0","0","0",".268",".328",".444",".772",".327","0.0","0.0","0.0","580.3","19918"
"Ben Zobrist","","5","21","18","5","1","0","0","2","2","2","3","0","0","0",".259",".339",".376",".715",".311","-0.2","0.0","0.0","999.0","7435"
"Alex Kirilloff","Twins","3","13","12","3","1","0","0","1","1","1","3","0","0","0",".271",".314",".435",".749",".315","0.0","0.0","0.0","999.0","sa917929"
"Matt Duffy","Yankees","1","5","5","1","0","0","0","1","1","0","1","0","0","0",".276",".344",".389",".733",".318","0.0","0.0","0.0","601.0","13836"
"Zack Collins","White Sox","2","10","8","2","0","0","0","1","1","1","3","0","0","0",".209",".323",".391",".714",".308","0.0","0.0","0.0","600.9","19181"
"Chad Tromp","Giants","5","19","17","4","1","0","0","2","2","1","4","0","0","0",".223",".286",".347",".632",".273","0.0","0.0","0.0","999.0","16953"
"LaMonte Wade Jr.","Twins","2","8","7","2","0","0","0","1","1","1","1","0","0","0",".247",".343",".368",".711",".312","-0.1","0.0","0.0","999.0","18126"
"Ryon Healy","Brewers","3","13","12","3","1","0","1","2","2","1","3","0","0","0",".261",".306",".476",".782",".326","-0.1","0.0","0.0","600.9","15447"
"Eric Haase","Tigers","2","7","6","1","0","0","0","1","1","1","3","0","0","0",".205",".267",".407",".674",".283","0.0","0.0","0.0","600.8","14111"
"David Freitas","","1","5","4","1","0","0","0","1","0","0","1","0","0","0",".258",".325",".392",".718",".308","0.0","0.0","0.0","600.9","10619"
"Alex Blandino","Reds","7","28","24","5","1","0","1","3","2","3","8","1","0","0",".217",".324",".346",".670",".296","-0.1","0.0","0.0","999.0","16271"
"Cheslor Cuthbert","White Sox","5","21","19","5","1","0","1","2","2","1","5","0","0","0",".242",".297",".402",".699",".297","-0.1","0.0","0.0","999.0","10473"
"Michael Lorenzen","Reds","2","8","7","2","0","0","0","1","2","0","1","0","0","0",".235",".278",".471",".748",".310","0.0","0.0","0.0","538.6","14843"
"Dom Nunez","Rockies","4","14","13","3","1","0","0","2","2","1","4","0","0","0",".219",".302",".380",".683",".292","0.0","0.0","0.0","600.9","15055"
"Bryan Holaday","Orioles","2","7","6","2","0","0","0","1","1","1","1","0","0","0",".238",".302",".372",".674",".286","0.1","0.0","0.0","999.0","11287"
"Andy Young","Diamondbacks","2","8","7","2","0","0","0","1","1","0","2","0","0","0",".235",".306",".415",".721",".307","0.0","0.0","0.0","999.0","19521"
"Esteban Quiroz","Rays","1","5","5","1","0","0","0","1","1","1","1","0","0","0",".235",".322",".382",".704",".303","0.0","0.0","0.0","999.0","sa596560"
"Josh VanMeter","Diamondbacks","9","39","35","9","2","0","1","5","5","4","9","0","1","0",".251",".324",".428",".752",".318","0.0","0.0","0.0","599.4","15170"
"Yadiel Hernandez","Nationals","2","10","9","2","0","0","0","1","1","1","2","0","0","0",".264",".331",".434",".765",".323","0.0","0.0","0.0","999.0","sa724030"
"Cedric Mullins II","Orioles","7","28","26","6","1","0","1","3","3","2","5","0","1","0",".235",".289",".376",".665",".284","0.1","0.1","0.0","599.7","17929"
"Chris Iannetta","Yankees","11","45","39","8","2","0","2","5","5","5","14","1","0","0",".197",".297",".371",".668",".285","-0.5","-0.2","0.0","600.2","8267"
"Austin Wynns","Orioles","2","9","9","2","0","0","0","1","1","1","2","0","0","0",".239",".296",".355",".651",".281","0.0","0.0","0.0","999.0","15271"
"Anthony Bemboom","Angels","3","12","11","2","0","0","0","1","1","1","3","0","0","0",".205",".269",".301",".570",".250","0.1","0.0","0.0","999.0","13854"
"Jack Mayfield","Astros","2","8","7","2","0","0","0","1","1","0","2","0","0","0",".234",".280",".406",".686",".289","0.0","0.0","0.0","999.0","15402"
"Meibrys Viloria","Royals","7","28","26","6","1","0","1","2","3","2","7","0","0","0",".234",".292",".346",".638",".276","0.2","0.0","0.0","999.0","17109"
"Dustin Pedroia","Red Sox","1","5","5","1","0","0","0","1","1","0","1","0","0","0",".264",".327",".373",".701",".303","0.0","0.0","0.0","999.0","8370"
"Tim Lopes","Mariners","9","39","35","9","2","0","1","4","3","3","8","0","2","1",".246",".302",".353",".655",".283","0.1","0.0","0.0","594.0","14137"
"Nick Dini","","1","5","4","1","0","0","0","1","1","0","1","0","0","0",".248",".299",".394",".694",".295","0.0","0.0","0.0","999.0","18206"
"Nicky Delmonico","White Sox","3","13","12","3","1","0","0","2","2","1","3","0","0","0",".235",".315",".401",".716",".307","-0.1","0.0","0.0","999.0","13157"
"Matt Thaiss","Angels","13","54","49","11","2","0","2","6","6","5","12","0","0","0",".236",".309",".395",".704",".301","0.0","-0.1","0.0","600.8","19318"
"Edmundo Sosa","Cardinals","4","16","14","4","1","0","0","2","2","1","3","0","0","0",".248",".289",".373",".662",".282","0.0","0.0","0.0","999.0","17022"
"Luis Torrens","Mariners","1","5","4","1","0","0","0","0","0","0","1","0","0","0",".240",".299",".368",".667",".286","0.0","0.0","0.0","999.0","15905"
"Kelvin Gutierrez","Royals","1","5","5","1","0","0","0","1","0","0","1","0","0","0",".250",".304",".369",".673",".289","0.0","0.0","0.0","999.0","17468"
"Alex Jackson","Braves","3","12","11","2","0","0","1","1","2","1","4","0","0","0",".204",".267",".395",".662",".278","0.0","0.0","0.0","999.0","17276"
"Robel Garcia","Reds","1","5","5","1","0","0","0","1","1","0","2","0","0","0",".221",".293",".422",".715",".302","0.0","0.0","0.0","999.0","13167"
"Dominic Smith","Mets","31","135","123","30","6","0","5","16","16","10","31","1","1","1",".248",".306",".415",".721",".306","-0.4","-0.1","0.0","561.5","15653"
"Andrew Velazquez","Orioles","17","75","70","16","3","0","2","8","7","4","20","1","2","1",".235",".281",".366",".647",".276","0.1","0.0","0.0","999.0","14196"
"Donnie Walton","Mariners","1","5","5","1","0","0","0","1","0","0","1","0","0","0",".238",".306",".341",".648",".283","0.0","0.0","0.0","999.0","19314"
"Wyatt Mathisen","Diamondbacks","1","3","2","1","0","0","0","0","0","0","1","0","0","0",".236",".320",".407",".727",".312","0.0","0.0","0.0","999.0","14555"
"Erik Kratz","Yankees","1","2","2","0","0","0","0","0","0","0","0","0","0","0",".230",".285",".389",".674",".287","0.0","0.0","0.0","999.0","4403"
"Cristian Pache","","6","26","24","6","1","0","1","3","3","1","6","0","0","0",".246",".293",".396",".689",".291","0.2","-0.1","0.0","999.0","19948"
"Jared Walsh","Angels","1","5","5","1","0","0","0","1","1","0","2","0","0","0",".232",".300",".432",".732",".308","0.0","0.0","0.0","600.8","18607"
"Deivy Grullon","Red Sox","1","5","4","1","0","0","0","1","1","0","1","0","0","0",".231",".293",".413",".707",".299","-0.1","0.0","0.0","600.9","15988"
"Raudy Read","Nationals","2","7","7","2","0","0","0","1","1","0","2","0","0","0",".244",".283",".402",".685",".287","0.0","0.0","0.0","999.0","15766"
"Zach McKinstry","Dodgers","5","23","21","5","1","0","1","2","2","2","5","0","0","0",".234",".295",".369",".663",".285","-0.1","0.0","0.0","999.0","sa918920"
"Sean Rodriguez","Marlins","4","18","16","3","1","0","1","2","2","2","6","0","0","0",".199",".293",".366",".660",".286","0.0","0.0","0.0","999.0","6589"
"Brandon Dixon","Tigers","1","5","5","1","0","0","0","1","1","0","2","0","0","0",".238",".284",".415",".699",".294","0.0","0.0","0.0","600.3","15214"
"Erick Mejia","Royals","5","21","19","5","1","0","0","2","2","1","4","0","1","0",".240",".293",".333",".627",".272","0.1","0.0","0.0","999.0","15817"
"Pat Valaika","Orioles","14","60","55","12","3","0","2","6","7","3","17","0","0","0",".225",".268",".399",".668",".281","0.5","0.0","0.0","999.0","14885"
"Taylor Jones","Astros","1","5","5","1","0","0","0","1","1","0","1","0","0","0",".229",".307",".381",".688",".296","0.0","0.0","0.0","999.0","19533"
"Bobby Bradley","Indians","2","8","7","2","0","0","0","1","1","1","3","0","0","0",".227",".293",".452",".745",".310","0.0","0.0","0.0","999.0","17278"
"Yusniel Diaz","Orioles","8","34","30","7","1","0","1","4","4","3","8","0","0","0",".245",".316",".396",".713",".306","-0.1","-0.1","0.0","999.0","sa912848"
"Nick Gordon","Twins","1","5","5","1","0","0","0","1","0","0","1","0","0","0",".250",".294",".356",".650",".280","0.0","0.0","0.0","999.0","sa828662"
"Jake Fraley","Mariners","37","161","148","35","8","1","4","17","18","9","40","2","5","3",".235",".288",".390",".678",".288","0.1","-0.1","0.0","539.9","19260"
"Brent Rooker","Twins","1","5","5","1","0","0","0","1","1","0","2","0","0","0",".231",".303",".422",".726",".307","0.0","0.0","0.0","999.0","19627"
"Daniel Descalso","Cubs","6","26","22","5","1","0","1","3","3","3","7","0","0","0",".218",".320",".363",".683",".298","-0.2","0.0","0.0","999.0","8392"
"Wilmer Difo","Nationals","6","26","23","6","1","0","0","3","2","2","5","0","1","0",".246",".309",".353",".662",".284","0.1","0.0","0.0","600.8","14320"
"Greg Allen","Padres","11","49","44","11","2","0","1","6","5","3","11","1","2","1",".247",".312",".362",".673",".291","0.3","0.0","0.0","599.8","16623"
"Andy Ibanez","Rangers","1","5","5","1","0","0","0","1","1","0","1","0","0","0",".253",".308",".396",".704",".301","0.0","0.0","0.0","999.0","sa914201"
"Nick Martini","Phillies","1","5","5","1","0","0","0","1","0","1","1","0","0","0",".251",".338",".368",".706",".308","0.0","0.0","0.0","999.0","12005"
"Tzu-Wei Lin","Red Sox","2","10","9","2","1","0","0","1","1","1","2","0","0","0",".243",".299",".356",".655",".283","0.0","0.0","0.0","999.0","14678"
"Beau Taylor","Indians","1","5","4","1","0","0","0","0","0","1","1","0","0","0",".212",".306",".324",".630",".278","0.0","0.0","0.0","999.0","12384"
"Wilfredo Tovar","Twins","2","8","7","2","0","0","0","1","1","0","1","0","0","0",".253",".291",".342",".633",".273","0.0","0.0","0.0","999.0","10416"
"Greg Bird","","5","23","20","4","1","0","1","3","3","3","6","0","0","0",".221",".318",".422",".740",".315","0.0","0.0","0.0","599.0","14131"
"Mikie Mahtook","Phillies","1","5","5","1","0","0","0","1","1","0","1","0","0","0",".227",".296",".410",".706",".299","0.0","0.0","0.0","999.0","13130"
"Ronny Rodriguez","","1","5","5","1","0","0","0","1","1","0","1","0","0","0",".246",".276",".429",".705",".294","0.0","0.0","0.0","525.3","11875"
"Tres Barrera","Nationals","1","2","2","0","0","0","0","0","0","0","0","0","0","0",".232",".291",".356",".647",".279","0.0","0.0","0.0","999.0","19977"
"Dylan Moore","Mariners","7","31","28","6","1","0","1","3","3","2","8","1","1","1",".210",".284",".355",".639",".276","-0.1","0.0","0.0","599.8","18042"
"Dwight Smith Jr.","Orioles","17","75","68","17","4","0","2","9","9","6","15","1","1","0",".250",".313",".409",".721",".307","-0.3","0.0","0.0","600.6","13473"
"Rangel Ravelo","Cardinals","1","3","2","1","0","0","0","0","0","0","0","0","0","0",".261",".324",".411",".734",".314","0.0","0.0","0.0","999.0","10839"
"Daz Cameron","Tigers","1","5","5","1","0","0","0","1","1","0","1","0","0","0",".223",".299",".362",".661",".286","0.0","0.0","0.0","999.0","sa874736"
"Cesar Puello","Red Sox","1","3","2","1","0","0","0","0","0","0","1","0","0","0",".244",".329",".368",".697",".304","0.0","0.0","0.0","999.0","7216"
"Kean Wong","","2","8","7","2","0","0","0","1","1","0","2","0","0","0",".253",".303",".359",".662",".285","0.0","0.0","0.0","999.0","15994"
"Max Schrock","Cardinals","1","5","5","1","0","0","0","1","0","0","1","0","0","0",".248",".304",".337",".641",".280","0.0","0.0","0.0","999.0","17750"
"Mark Mathias","Brewers","1","3","2","1","0","0","0","0","0","0","1","0","0","0",".229",".302",".359",".661",".286","0.0","0.0","0.0","999.0","18032"
"Josh Phegley","Cubs","2","7","6","2","0","0","0","1","1","0","1","0","0","0",".235",".290",".393",".683",".290","-0.1","0.0","0.0","599.0","9308"
"Juan Lagares","","2","8","7","2","0","0","0","1","1","1","2","0","0","0",".235",".295",".345",".640",".274","0.0","0.0","0.0","999.0","5384"
"Seby Zavala","White Sox","1","2","2","0","0","0","0","0","0","0","1","0","0","0",".205",".262",".361",".622",".265","0.0","0.0","0.0","999.0","18887"
"Socrates Brito","Pirates","10","41","39","9","2","0","1","4","5","2","11","0","1","0",".243",".288",".411",".699",".294","0.2","0.0","0.0","999.0","12944"
"Luis Alexander Basabe","Giants","1","5","5","1","0","0","0","1","0","0","2","0","0","0",".217",".288",".335",".623",".271","0.0","0.0","0.0","999.0","17839"
"Cristhian Adames","Giants","1","5","5","1","0","0","0","1","0","0","1","0","0","0",".237",".297",".350",".647",".280","0.0","0.0","0.0","999.0","6013"
"Brian O'Grady","Rays","1","3","2","0","0","0","0","0","0","0","1","0","0","0",".209",".287",".389",".676",".287","0.0","0.0","0.0","600.5","16729"
"Mike Freeman","Indians","3","13","12","3","0","0","0","1","1","1","3","0","0","0",".237",".306",".334",".640",".280","0.1","0.0","0.0","600.9","11241"
"Joe Hudson","Mariners","8","33","30","5","1","0","1","3","3","3","11","0","0","0",".181",".250",".298",".548",".240","0.4","0.0","0.0","999.0","14412"
"Ryan McKenna","Orioles","1","5","5","1","0","0","0","1","0","0","1","0","0","0",".234",".302",".353",".655",".284","0.0","0.0","0.0","999.0","sa875055"
"Ian Miller","Cubs","1","3","2","1","0","0","0","0","0","0","1","0","0","0",".244",".301",".334",".636",".277","0.0","0.0","0.0","601.0","15156"
"Yangervis Solarte","","1","3","2","1","0","0","0","0","0","0","0","0","0","0",".251",".305",".404",".709",".300","0.0","0.0","0.0","999.0","5352"
"Jacoby Ellsbury","","5","21","19","5","1","0","0","2","2","2","4","0","1","0",".243",".313",".343",".656",".287","-0.1","0.0","0.0","999.0","4727"
"Yairo Munoz","Red Sox","2","8","7","2","0","0","0","1","1","0","2","0","0","0",".255",".301",".392",".693",".293","0.0","0.0","0.0","999.0","16313"
"Justin Williams","Cardinals","1","5","5","1","0","0","0","1","1","0","1","0","0","0",".248",".303",".395",".698",".298","0.0","0.0","0.0","999.0","15490"
"Skye Bolt","Athletics","1","3","2","0","0","0","0","0","0","0","1","0","0","0",".207",".273",".344",".617",".266","0.0","0.0","0.0","999.0","17723"
"Jose Osuna","Pirates","29","124","114","30","8","1","4","15","16","8","24","1","1","1",".260",".311",".438",".749",".315","-0.3","-0.2","0.0","584.6","12937"
"Humberto Arteaga","","1","5","5","1","0","0","0","0","0","0","1","0","0","0",".251",".284",".327",".611",".264","0.1","0.0","0.0","999.0","13595"
"Dustin Fowler","Athletics","1","5","5","1","0","0","0","1","1","0","1","0","0","0",".244",".283",".400",".683",".288","0.0","0.0","0.0","999.0","17098"
"Yonathan Daza","","7","31","29","9","2","0","0","3","3","1","5","0","1","0",".296",".331",".408",".739",".315","0.1","0.0","0.0","999.0","15794"
"Michael A. Taylor","Nationals","18","78","71","16","4","0","2","9","8","6","25","0","3","1",".230",".288",".389",".678",".286","0.7","0.2","0.0","599.8","11489"
"Bobby Dalbec","Red Sox","4","18","16","4","1","0","1","2","2","2","6","0","0","0",".228",".306",".425",".732",".309","0.0","0.0","0.0","599.9","19966"
"Tyler Nevin","Orioles","1","3","2","1","0","0","0","0","0","0","0","0","0","0",".269",".333",".423",".756",".323","0.0","0.0","0.0","999.0","sa874752"
"Ronald Torreyes","Phillies","1","5","5","1","0","0","0","1","0","0","1","0","0","0",".255",".286",".366",".652",".278","0.0","0.0","0.0","999.0","11400"
"Caleb Joseph","Blue Jays","1","5","4","1","0","0","0","0","0","0","1","0","0","0",".214",".257",".331",".588",".253","0.0","0.0","0.0","999.0","7087"
"Elliot Soto","Angels","1","5","5","1","0","0","0","0","0","0","1","0","0","0",".224",".286",".302",".587",".258","0.0","0.0","0.0","999.0","sa390666"
"John Hicks","Diamondbacks","2","9","9","2","0","0","0","1","1","0","3","0","0","0",".231",".271",".384",".655",".277","0.0","0.0","0.0","600.9","12547"
"Jacob Nottingham","Brewers","1","2","2","0","0","0","0","0","0","0","1","0","0","0",".205",".275",".334",".610",".265","0.0","0.0","0.0","999.0","16448"
"Travis Blankenhorn","Twins","2","8","7","2","0","0","0","1","1","0","2","0","0","0",".238",".280",".395",".674",".285","0.0","0.0","0.0","999.0","sa874969"
"Charlie Culberson","Braves","7","31","29","7","1","0","1","3","3","2","8","0","0","0",".240",".288",".388",".675",".286","0.1","0.0","0.0","999.0","3298"
"Eli White","Rangers","1","5","5","1","0","0","0","1","0","0","1","0","0","0",".228",".293",".349",".642",".278","0.0","0.0","0.0","999.0","19346"
"Mason Williams","Orioles","8","34","31","8","1","0","1","4","3","2","7","0","0","0",".263",".312",".385",".696",".298","-0.1","0.0","0.0","999.0","11859"
"Eduardo Nunez","Mets","4","18","17","4","1","0","0","2","2","1","3","0","0","0",".257",".287",".379",".666",".283","-0.2","0.0","0.0","999.0","6848"
"Juan Centeno","Red Sox","1","2","2","1","0","0","0","0","0","0","0","0","0","0",".244",".293",".336",".629",".272","0.0","0.0","0.0","999.0","7168"
"Oscar Hernandez","Royals","2","7","7","1","0","0","0","1","1","0","2","0","0","0",".204",".258",".335",".593",".255","0.0","0.0","0.0","999.0","13490"
"Melky Cabrera","Mets","2","8","7","2","0","0","0","1","1","0","1","0","0","0",".273",".315",".410",".724",".306","-0.1","0.0","0.0","600.5","4022"
"Tyler Wade","Yankees","11","47","42","10","2","0","1","5","4","4","12","0","2","1",".231",".293",".340",".634",".275","-0.1","0.1","0.0","600.3","15730"
"Ronnie Dawson","Astros","1","3","2","0","0","0","0","0","0","0","1","0","0","0",".198",".267",".331",".597",".259","0.0","0.0","0.0","999.0","sa873674"
"Andrew Susac","Pirates","3","12","10","2","1","0","0","1","1","1","4","0","0","0",".198",".282",".343",".626",".271","-0.1","0.0","0.0","999.0","13132"
"Rocky Gale","Dodgers","1","5","4","1","0","0","0","0","0","0","1","0","0","0",".221",".257",".293",".550",".239","0.0","0.0","0.0","999.0","10533"
"Jason Martin","Pirates","10","44","40","10","2","0","1","5","5","3","10","0","1","1",".250",".303",".409",".712",".301","0.1","-0.1","0.0","999.0","16429"
"Kyle Farmer","Reds","11","45","41","10","2","0","1","5","5","3","10","0","0","0",".238",".290",".376",".666",".284","-0.1","0.0","0.0","600.9","14813"
"Sergio Alcantara","Tigers","2","8","7","2","0","0","0","1","1","1","2","0","0","0",".232",".295",".292",".587",".261","0.0","0.0","0.0","999.0","16417"
"Andrew Romine","","2","10","10","2","0","0","0","1","1","1","2","0","0","0",".233",".283",".321",".604",".263","0.0","0.0","0.0","999.0","1159"
"Yadiel Rivera","Rangers","1","3","2","1","0","0","0","0","0","0","1","0","0","0",".213",".255",".322",".577",".247","0.0","0.0","0.0","999.0","11863"
"Ronald Guzman","Rangers","21","91","81","20","4","0","3","10","11","8","24","1","1","0",".242",".315",".416",".731",".310","0.5","-0.1","0.0","598.1","14388"
"Keon Broxton","Brewers","1","5","5","1","0","0","0","1","1","0","2","0","0","0",".193",".275",".352",".627",".271","0.0","0.0","0.0","999.0","9253"
"Yonder Alonso","Padres","5","23","21","5","1","0","1","3","3","2","5","0","0","0",".243",".325",".419",".744",".316","0.0","0.0","0.0","600.5","2530"
"C.J. Chatham","Red Sox","4","16","15","4","1","0","0","1","1","1","3","0","0","0",".259",".290",".354",".645",".276","0.0","0.0","0.0","999.0","sa873984"
"Patrick Wisdom","Cubs","4","16","14","3","1","0","1","2","2","1","5","0","0","0",".205",".273",".376",".649",".276","0.0","0.0","0.0","600.9","13602"
"Kyle Garlick","Phillies","3","13","12","3","1","0","1","2","2","1","4","0","0","0",".225",".278",".436",".713",".296","0.0","0.0","0.0","600.9","18063"
"Scott Heineman","Rangers","8","34","30","8","1","0","1","4","3","2","9","1","1","0",".247",".310",".387",".697",".299","0.0","-0.1","0.0","999.0","14453"
"Ryan McBroom","Royals","17","73","66","16","3","0","2","8","8","5","19","1","0","0",".250",".310",".404",".713",".303","0.0","-0.1","0.0","598.5","16524"
"Adam Engel","White Sox","14","62","57","12","2","0","1","7","6","4","18","1","2","1",".220",".281",".347",".628",".272","0.4","0.1","0.0","600.8","15082"
"Raimel Tapia","Rockies","38","166","155","44","9","2","3","20","17","8","35","0","4","2",".283",".319",".434",".753",".317","-0.3","0.2","0.0","551.4","14350"
"Edward Olivares","Royals","11","49","45","11","2","0","1","5","5","3","10","1","2","1",".236",".287",".362",".649",".278","0.0","0.1","0.0","589.8","19698"
"Mark Trumbo","","7","28","26","6","1","0","2","3","4","2","8","0","0","0",".237",".290",".454",".744",".311","-0.1","0.0","0.0","999.0","6876"
"Joe McCarthy","","3","13","11","2","1","0","0","1","1","1","4","0","0","0",".217",".305",".353",".658",".287","0.0","0.0","0.0","999.0","18399"
"Jose Siri","","2","8","7","1","0","0","0","1","1","0","3","0","0","0",".203",".255",".335",".589",".252","0.0","0.0","0.0","999.0","sa736940"
"Lewin Diaz","Marlins","4","18","17","4","1","0","1","2","2","1","4","0","0","0",".235",".275",".416",".691",".287","0.1","0.0","0.0","999.0","18365"
"Adolis Garcia","Rangers","2","10","10","2","0","0","0","1","1","0","3","0","0","0",".228",".271",".420",".691",".289","0.0","0.0","0.0","600.9","19287"
"Terrance Gore","Dodgers","1","5","5","1","0","0","0","1","0","0","1","0","0","0",".201",".273",".260",".533",".240","0.0","0.0","0.0","999.0","13658"
"Nick Heath","Royals","2","10","9","2","0","0","0","1","1","1","3","0","1","0",".218",".283",".312",".595",".261","0.0","0.0","0.0","999.0","19577"
"Jose Trevino","Rangers","10","40","38","9","2","0","1","4","4","2","7","0","0","0",".227",".260",".337",".597",".255","0.4","0.0","0.0","999.0","16725"
"Sam Haggerty","Mariners","2","10","9","2","0","0","0","1","1","1","3","0","0","0",".201",".286",".287",".574",".256","-0.1","0.0","0.0","999.0","18054"
"Andrew Knapp","Phillies","11","43","37","8","2","0","1","4","3","5","14","0","0","0",".217",".310",".321",".631",".277","-0.4","0.0","0.0","600.4","14942"
"Kyle Lewis","Mariners","49","210","192","44","9","0","6","20","22","15","64","1","1","1",".228",".285",".379",".664",".283","0.4","0.0","0.0","415.5","19508"
"Steve Wilkerson","Orioles","5","21","19","4","1","0","0","2","2","1","6","0","0","0",".228",".285",".347",".633",".273","-0.1","0.0","0.0","999.0","16041"
"Matt Davidson","Reds","5","23","21","5","1","0","1","3","3","2","8","0","0","0",".227",".294",".446",".740",".310","0.0","0.0","0.0","999.0","7226"
"Travis Jankowski","Reds","4","18","16","4","1","0","0","2","1","2","4","0","1","0",".240",".319",".314",".633",".282","0.0","0.0","0.0","999.0","13768"
"Peter O'Brien","","1","5","5","1","0","0","0","1","1","0","2","0","0","0",".193",".267",".381",".648",".273","0.0","0.0","0.0","999.0","13288"
"Buddy Reed","Athletics","2","10","9","2","0","0","0","1","1","1","3","0","0","0",".202",".257",".316",".573",".247","0.0","0.0","0.0","999.0","sa738683"
"Elias Diaz","Rockies","13","50","46","13","3","0","1","5","6","3","8","0","0","0",".279",".327",".401",".728",".311","-0.3","0.0","0.0","599.9","11680"
"Neil Walker","Phillies","16","67","59","14","3","0","2","7","8","7","14","1","0","0",".242",".325",".391",".717",".308","-0.2","0.0","0.0","599.7","7539"
"Harold Castro","Tigers","7","31","30","8","1","0","0","3","3","1","6","0","0","0",".262",".287",".351",".638",".273","-0.1","0.0","0.0","600.9","14691"
"Braden Bishop","Mariners","10","41","38","8","2","0","1","4","3","3","10","1","1","0",".224",".285",".321",".606",".265","0.4","0.0","0.0","999.0","17806"
"Rob Refsnyder","Rangers","3","13","12","3","1","0","0","1","1","1","3","0","0","0",".239",".308",".363",".671",".288","0.0","0.0","0.0","999.0","13770"
"Phil Gosselin","Phillies","8","36","33","8","2","0","1","4","3","3","8","0","0","0",".238",".301",".354",".655",".283","-0.1","0.0","0.0","999.0","10953"
"Emilio Bonifacio","","2","10","10","2","0","0","0","1","1","1","2","0","0","0",".244",".292",".343",".635",".274","-0.1","0.0","0.0","999.0","4054"
"Andrew Stevenson","Nationals","4","16","14","4","1","0","0","2","1","1","4","0","0","0",".249",".301",".348",".649",".281","0.0","0.0","0.0","999.0","17932"
"Jon Jay","Diamondbacks","8","36","33","9","2","0","0","4","3","2","7","1","0","0",".270",".323",".345",".668",".291","-0.1","0.0","0.0","999.0","5227"
"Jorge Bonifacio","Tigers","7","31","28","7","1","0","1","3","3","2","8","0","0","0",".232",".294",".391",".684",".291","0.0","0.0","0.0","999.0","12174"
"Lucas Duda","","8","36","32","7","2","0","2","4","5","3","11","1","0","0",".220",".300",".420",".720",".302","0.0","-0.1","0.0","999.0","2502"
"Darin Ruf","Giants","5","21","19","4","1","0","1","2","2","1","5","0","0","0",".231",".295",".396",".691",".293","-0.1","-0.1","0.0","600.7","9929"
"Drew Butera","Rockies","8","31","27","7","1","0","1","3","3","3","8","0","0","0",".240",".311",".375",".686",".295","-0.2","0.0","0.0","601.0","3411"
"Michael Hermosillo","Angels","8","36","32","7","1","0","1","4","4","3","11","1","1","1",".215",".290",".357",".647",".280","0.0","0.0","0.0","999.0","16285"
"Nick Williams","Reds","13","57","52","13","2","0","2","7","7","3","17","1","0","0",".244",".298",".428",".727",".306","-0.2","0.0","0.0","999.0","14330"
"Guillermo Heredia","Mets","33","142","126","31","7","0","2","14","12","12","27","3","1","1",".250",".327",".362",".688",".301","-1.0","-0.1","0.0","600.8","18721"
"Pablo Sandoval","Giants","25","106","97","24","6","0","4","12","13","7","23","1","0","0",".249",".301",".432",".733",".306","-0.4","-0.2","0.0","596.7","5409"
"Monte Harrison","Marlins","13","54","49","11","2","0","1","6","5","4","19","1","2","1",".217",".283",".352",".634",".274","0.0","0.2","0.0","543.9","17216"
"Leody Taveras","Rangers","8","36","33","8","1","0","0","4","3","2","7","0","1","1",".242",".295",".339",".634",".273","0.2","0.0","0.0","999.0","18900"
"Jose Marmolejos","Mariners","17","73","67","16","3","0","2","7","7","5","18","0","0","0",".241",".295",".377",".672",".286","0.1","0.0","0.0","999.0","15767"
"Jesus Sanchez","Marlins","11","49","45","11","2","0","1","5","5","3","11","0","1","0",".236",".285",".363",".648",".277","0.3","0.0","0.0","601.0","19913"
"Will Craig","Pirates","5","21","19","4","1","0","1","2","2","2","6","0","0","0",".225",".294",".380",".674",".289","0.0","0.0","0.0","999.0","19267"
"Anthony Alford","Pirates","9","39","35","8","2","0","1","4","3","3","12","1","2","1",".215",".283",".331",".614",".267","-0.1","0.0","-0.1","600.9","14329"
"Seth Brown","Athletics","13","57","52","12","2","0","2","6","7","4","17","0","1","0",".227",".282",".387",".668",".284","0.0","0.0","-0.1","597.7","18171"
"Harold Ramirez","Marlins","33","142","133","35","7","1","3","15","15","7","28","2","1","1",".265",".307",".397",".705",".300","-0.6","0.0","-0.1","599.1","14387"
"Chris Owings","Rockies","10","41","38","9","2","0","1","5","5","3","12","0","1","0",".248",".297",".397",".695",".293","-0.1","0.0","-0.1","999.0","10030"
"Edwin Rios","Dodgers","12","52","48","11","2","0","2","6","7","3","19","1","0","0",".229",".283",".433",".716",".298","0.0","-0.1","-0.1","590.5","18316"
"Jake Noll","","8","34","31","8","1","0","1","3","3","2","7","0","0","0",".248",".288",".364",".652",".279","0.0","0.0","-0.1","999.0","19703"
"Jorge Mateo","Padres","14","60","56","12","2","1","1","6","6","3","17","0","2","1",".223",".262",".362",".624",".264","0.0","0.0","-0.1","577.3","17273"
"Erik Gonzalez","Pirates","19","83","78","19","4","1","2","8","7","4","22","0","2","1",".243",".278",".370",".648",".272","-0.2","0.0","-0.1","600.9","13369"
"Jonathan Arauz","Red Sox","10","44","41","9","2","0","1","4","4","3","9","0","1","0",".223",".275",".348",".623",".267","-0.2","-0.1","-0.1","999.0","20275"
"Magneuris Sierra","Marlins","11","47","44","11","1","1","0","4","3","2","9","0","2","1",".246",".283",".329",".612",".264","-0.1","0.0","-0.1","595.7","17023"
"Matt Adams","","24","104","94","21","4","0","6","12","16","7","31","1","0","0",".228",".288",".461",".749",".309","0.0","-0.1","-0.1","600.1","9393"
"Albert Pujols","Angels","41","176","161","40","7","0","7","19","26","12","24","1","1","0",".248",".301",".418",".719",".302","-0.8","-0.8","-0.1","562.1","1177"
"Austin Jackson","","9","39","35","8","2","0","0","4","3","3","11","0","0","0",".239",".300",".339",".639",".278","-0.6","-0.1","-0.1","999.0","9848"
"Isiah Kiner-Falefa","Rangers","41","176","159","40","8","1","2","17","15","12","31","3","3","1",".251",".313",".343",".656",".286","-0.8","0.1","-0.1","335.8","16512"
"Hunter Pence","","43","186","172","44","7","0","6","21","22","12","44","1","3","0",".254",".303",".400",".703",".299","-0.3","0.3","-0.1","573.2","8252"
"Josh Fuentes","Rockies","14","60","56","14","3","1","2","7","7","2","15","1","0","0",".257",".294",".426",".719",".302","0.3","0.0","-0.1","999.0","16885"
"Matt Kemp","Rockies","16","70","65","17","3","0","3","8","10","4","17","0","0","0",".267",".310",".460",".769",".320","-0.1","-0.2","-0.1","590.2","5631"
"Jeff Mathis","Rangers","15","59","54","10","2","0","1","4","4","4","21","0","0","0",".192",".252",".282",".534",".234","0.3","-0.1","-0.1","999.0","3448"
"Bubba Starling","Royals","15","65","60","13","3","0","1","6","6","4","17","0","1","0",".223",".271",".339",".610",".263","0.0","0.1","-0.1","599.6","13356"
"Lewis Brinson","Marlins","26","114","104","22","4","1","3","11","11","7","34","2","2","1",".214",".274",".359",".633",".270","0.0","0.1","-0.1","590.4","14352"
"Sam Hilliard","Rockies","34","145","132","32","6","1","5","17","17","11","46","1","5","2",".241",".301",".425",".725",".305","-0.2","0.0","-0.2","249.9","17954"
"Chris Davis","Orioles","36","155","136","26","4","0","6","16","19","17","60","1","0","0",".194",".285",".369",".654",".280","-0.1","-0.1","-0.3","579.7","9272"
