"Name","Team","W","L","SV","ERA","GS","G","IP","H","ER","HR","SO","BB","WHIP","K/9","BB/9","FIP","ADP","playerid"
"Jose Castillo","Padres","0","0","0","2.26","0","10","10.0","7","2","1","13","4","1.18","12.23","3.80","2.62","999.0","17169"
"Josh Hader","Brewers","1","1","13","2.86","0","25","28.0","17","9","4","48","10","0.97","15.36","3.17","2.74","42.7","14212"
"Liam Hendriks","Athletics","1","1","12","2.93","0","25","25.0","20","8","3","34","7","1.09","12.03","2.64","2.79","75.8","3548"
"Aroldis Chapman","Yankees","1","1","10","2.82","0","18","18.0","12","6","2","27","8","1.13","13.51","3.88","2.79","84.7","10233"
"Nick Anderson","Rays","2","1","9","3.26","0","25","23.0","18","8","3","34","7","1.06","13.24","2.57","2.81","122.5","18337"
"Kirby Yates","Padres","1","1","12","2.77","0","23","23.0","18","7","3","33","7","1.05","12.82","2.65","2.84","60.0","9073"
"Taylor Rogers","Twins","1","1","12","3.12","0","23","24.0","20","8","2","28","5","1.08","10.64","2.05","2.93","84.5","13449"
"Emmanuel Clase","Indians","0","1","1","3.20","0","10","11.0","10","4","1","11","3","1.22","8.86","2.59","2.98","596.4","21032"
"Edwin Diaz","Mets","1","1","12","3.31","0","24","24.0","18","9","3","37","8","1.08","13.93","3.08","2.98","113.7","14710"
"Jacob deGrom","Mets","5","3","0","2.91","11","11","70.0","58","23","8","84","17","1.06","10.75","2.12","2.99","9.3","10954"
"Chris Martin","Braves","1","1","0","3.46","0","21","21.0","20","8","2","22","3","1.12","9.77","1.41","3.03","592.6","11847"
"Ken Giles","Blue Jays","1","1","13","3.14","0","23","23.0","18","8","3","31","7","1.10","12.16","2.70","3.05","97.9","12910"
"Jeremy Walker","Braves","0","0","0","4.74","0","5","7.0","7","3","0","5","1","1.33","7.34","2.00","3.09","999.0","19981"
"Ryan Pressly","Astros","1","1","4","3.03","0","24","23.0","18","8","3","29","6","1.07","11.52","2.44","3.12","286.2","7005"
"Gerrit Cole","Yankees","6","3","0","3.12","12","12","74.0","56","26","10","101","20","1.03","12.27","2.47","3.17","4.8","13125"
"Diego Castillo","Rays","1","1","3","3.29","0","23","24.0","20","9","2","28","8","1.16","10.61","3.04","3.20","344.8","17496"
"Max Scherzer","Nationals","5","3","0","3.21","10","11","68.0","54","24","9","89","16","1.03","11.67","2.12","3.20","14.4","3137"
"Austin Adams","Padres","1","1","2","3.42","0","20","20.0","15","8","2","29","10","1.24","13.10","4.55","3.21","532.7","13801"
"Dellin Betances","Mets","1","1","1","3.09","0","19","19.0","14","7","2","29","9","1.18","13.89","4.17","3.24","407.3","6216"
"Matt Barnes","Red Sox","1","1","2","3.60","0","25","25.0","19","10","3","36","12","1.28","13.03","4.46","3.24","500.0","12863"
"James Karinchak","Indians","1","0","1","3.40","0","19","19.0","14","7","2","28","11","1.28","12.92","4.97","3.26","393.9","20151"
"Chad Green","Yankees","1","1","0","3.71","0","22","24.0","20","10","3","32","6","1.11","12.00","2.38","3.26","564.2","15552"
"Logan Gilbert","Mariners","0","0","0","3.75","1","1","5.0","5","2","0","6","2","1.35","9.97","3.31","3.27","600.9","sa3008598"
"Will Smith","Braves","1","1","4","3.27","0","21","21.0","17","8","3","28","7","1.12","11.91","2.87","3.29","192.4","8048"
"Zac Grotz","","0","0","0","4.11","0","6","7.0","7","3","1","7","2","1.34","8.99","3.14","3.30","999.0","18256"
"Roberto Osuna","Astros","1","1","11","3.09","0","19","19.0","16","7","2","22","4","1.02","10.21","1.86","3.30","79.0","13764"
"Trevor Megill","Cubs","0","0","0","3.89","0","8","8.0","7","3","1","9","3","1.24","9.98","3.28","3.31","999.0","sa828803"
"Walker Buehler","Dodgers","5","3","0","3.35","11","11","67.0","57","25","8","74","15","1.08","10.02","2.08","3.33","16.9","19374"
"Shane Bieber","Indians","5","3","0","3.55","11","12","71.0","66","28","10","79","14","1.12","10.02","1.72","3.34","23.8","19427"
"Will Harris","Nationals","1","1","2","3.21","0","23","22.0","20","8","2","22","6","1.16","9.12","2.37","3.37","548.4","3192"
"Andrew Kittredge","Rays","1","0","1","4.02","0","14","15.0","13","7","2","16","4","1.19","9.94","2.60","3.37","600.6","12828"
"Blake Snell","Rays","5","3","0","3.33","11","11","61.0","48","23","7","77","24","1.18","11.32","3.46","3.37","47.6","13543"
"Corey Knebel","Brewers","1","1","2","3.54","0","19","19.0","15","7","2","27","8","1.22","12.64","4.03","3.38","339.7","15010"
"Giovanny Gallegos","Cardinals","1","1","6","3.34","0","20","22.0","18","8","3","26","6","1.09","10.78","2.35","3.38","209.4","14986"
"Justin Verlander","Astros","5","3","0","3.19","10","10","64.0","50","23","10","82","15","1.00","11.53","2.04","3.38","14.5","8700"
"Oliver Drake","Rays","1","1","0","3.78","0","18","18.0","15","8","2","22","7","1.21","10.77","3.25","3.41","600.8","8823"
"Seth Lugo","Mets","1","1","1","3.26","0","23","26.0","22","9","3","29","7","1.09","10.10","2.24","3.41","263.0","12447"
"Matt Grace","Diamondbacks","0","0","0","4.65","0","6","6.0","6","3","0","4","2","1.28","6.52","2.32","3.42","999.0","11449"
"Darwinzon Hernandez","Red Sox","1","0","0","4.28","0","15","16.0","13","8","1","24","11","1.50","12.92","6.13","3.42","597.3","19848"
"Jose Alvarado","Rays","1","1","2","3.54","0","19","18.0","14","7","1","22","9","1.32","11.13","4.81","3.45","516.8","17780"
"Charlie Morton","Rays","5","3","0","3.41","11","11","67.0","56","25","7","77","22","1.17","10.42","2.96","3.46","47.7","4676"
"Nick Burdi","Pirates","1","1","0","4.66","0","16","15.0","13","8","2","19","7","1.35","11.57","4.28","3.46","503.6","16074"
"Jake Diekman","Athletics","1","1","1","3.83","0","23","20.0","16","9","2","25","10","1.32","11.06","4.57","3.47","600.5","5003"
"David Robertson","Phillies","1","0","1","3.52","0","7","6.0","5","2","1","8","2","1.20","11.22","3.33","3.48","594.7","8241"
"Aaron Bummer","White Sox","1","1","1","3.16","0","23","23.0","20","8","2","22","9","1.27","8.73","3.47","3.48","516.9","16258"
"Tanner Scott","Orioles","1","1","0","3.98","0","15","15.0","13","7","1","18","8","1.39","10.98","4.66","3.49","999.0","17586"
"Stephen Strasburg","Nationals","5","3","0","3.53","11","11","68.0","59","27","8","77","19","1.15","10.13","2.52","3.49","27.6","10131"
"Mike Clevinger","Padres","5","3","0","3.32","10","10","62.0","51","23","8","75","21","1.16","10.92","3.04","3.49","20.9","12808"
"Tyler Glasnow","Rays","4","3","0","3.52","10","10","54.0","43","21","7","65","18","1.13","10.74","2.98","3.50","63.6","14374"
"Mark Melancon","Braves","1","1","10","3.79","0","24","23.0","24","10","2","21","6","1.30","8.22","2.43","3.50","173.7","4264"
"Colin Poche","Rays","1","1","1","3.71","0","21","21.0","16","9","3","29","8","1.11","12.53","3.28","3.51","598.9","19403"
"Sam Selman","Giants","0","0","0","4.19","0","7","7.0","6","3","0","8","4","1.42","10.28","4.81","3.52","999.0","13397"
"Richard Lovelady","Royals","0","1","0","4.91","0","12","11.0","12","6","1","9","3","1.30","7.44","2.51","3.52","600.7","19337"
"Josh Taylor","Red Sox","1","1","0","3.80","0","17","17.0","16","7","2","20","7","1.32","10.42","3.77","3.52","599.5","17359"
"Brad Hand","Indians","1","1","12","3.48","0","24","23.0","19","9","3","31","8","1.16","11.91","3.02","3.53","95.6","9111"
"Tommy Kahnle","Yankees","1","1","0","3.60","0","24","23.0","18","9","3","30","8","1.17","12.10","3.19","3.53","591.0","11384"
"Brusdar Graterol","Dodgers","2","1","0","3.72","0","17","17.0","15","7","2","17","6","1.24","8.96","3.24","3.54","578.0","20367"
"Luke Jackson","Braves","2","1","0","3.98","0","22","23.0","22","10","2","28","9","1.37","11.19","3.75","3.54","588.8","11752"
"Scott Alexander","Dodgers","0","0","0","4.11","0","12","11.0","11","5","1","10","5","1.37","7.62","3.61","3.55","999.0","10591"
"Joe Kelly","Dodgers","1","1","1","4.16","0","23","22.0","20","10","2","24","9","1.30","9.86","3.71","3.56","599.5","9761"
"Tyler Duffey","Twins","1","1","0","3.61","0","22","23.0","20","9","3","27","6","1.15","10.68","2.29","3.57","589.1","13758"
"Ty Buttrey","Angels","1","1","2","3.68","0","23","23.0","21","10","3","27","8","1.24","10.29","3.23","3.58","573.1","14719"
"Andrew Chafin","Cubs","1","1","0","3.66","0","24","20.0","18","8","2","23","8","1.29","10.30","3.55","3.58","600.0","12988"
"Joakim Soria","Athletics","1","1","1","3.93","0","23","22.0","20","10","3","25","7","1.21","9.97","2.91","3.62","595.1","6941"
"Jack Flaherty","Cardinals","4","3","0","3.44","11","12","69.0","56","26","9","78","21","1.12","10.16","2.79","3.63","22.4","17479"
"Jose Leclerc","Rangers","1","1","11","3.72","0","24","24.0","18","10","3","33","13","1.30","12.64","5.01","3.65","150.3","14524"
"Zack Britton","Yankees","1","1","3","3.04","0","24","23.0","20","8","2","21","10","1.31","8.08","4.05","3.66","298.0","3240"
"Emilio Pagan","Padres","1","1","1","3.37","0","23","24.0","19","9","4","29","6","1.05","11.08","2.36","3.66","298.9","14771"
"Brandon Workman","Phillies","2","1","11","3.37","0","25","25.0","19","9","3","32","12","1.26","11.46","4.31","3.66","133.2","11428"
"Jesus Luzardo","Athletics","3","2","0","3.74","8","11","44.0","40","18","5","46","13","1.22","9.37","2.73","3.67","119.9","19959"
"Lance McCullers Jr.","Astros","4","3","0","3.85","9","9","52.0","47","22","6","57","20","1.29","9.84","3.51","3.67","153.6","14120"
"Kevin Ginkel","Diamondbacks","2","1","1","3.27","0","21","21.0","17","8","3","26","8","1.17","10.73","3.28","3.68","552.6","19876"
"Patrick Corbin","Nationals","5","4","0","3.69","12","12","71.0","65","29","9","78","23","1.24","9.95","2.93","3.69","46.8","9323"
"Cody Reed","Rays","1","1","0","4.23","0","13","15.0","14","7","1","15","6","1.34","9.09","3.79","3.71","999.0","15232"
"Drew Pomeranz","Padres","1","1","2","3.78","0","22","24.0","20","10","3","28","9","1.22","10.75","3.43","3.71","434.6","11426"
"Brett Martin","Rangers","1","1","0","4.31","0","16","18.0","18","8","2","17","6","1.34","8.78","3.10","3.71","999.0","17369"
"Brendan McKay","Rays","2","2","0","3.94","6","10","32.0","28","14","4","36","10","1.20","10.11","2.78","3.71","446.0","20186"
"Luis Castillo","Reds","5","3","0","3.51","12","12","69.0","59","27","9","79","24","1.20","10.39","3.15","3.71","39.1","15689"
"Cristian Javier","Astros","1","0","0","4.31","2","6","9.0","8","5","1","12","5","1.39","11.54","4.60","3.73","999.0","17606"
"A.J. Minter","Braves","0","0","0","3.93","0","9","9.0","9","4","1","10","3","1.37","10.11","3.47","3.75","999.0","18655"
"Keone Kela","Pirates","1","1","6","3.32","0","18","18.0","15","7","2","22","7","1.17","10.69","3.27","3.75","216.1","14696"
"Clayton Kershaw","Dodgers","5","3","0","3.51","10","10","64.0","58","25","9","64","15","1.13","9.01","2.07","3.76","32.3","2036"
"Kenley Jansen","Dodgers","1","1","12","3.68","0","23","23.0","19","9","4","26","5","1.07","10.49","2.17","3.76","86.3","3096"
"Joe Jimenez","Tigers","1","1","10","3.99","0","24","24.0","21","11","3","30","8","1.23","11.30","3.17","3.77","176.1","15761"
"Tim Hill","Padres","1","1","0","3.86","0","19","17.0","16","7","2","15","5","1.30","8.19","2.93","3.77","999.0","16814"
"Grant Holmes","Athletics","0","0","0","4.41","0","4","5.0","5","2","1","5","2","1.30","8.32","2.86","3.78","999.0","sa828669"
"Archie Bradley","Reds","1","1","12","3.86","0","25","25.0","23","11","3","26","10","1.31","9.63","3.52","3.78","143.2","12918"
"Junior Fernandez","Cardinals","0","0","0","4.22","0","12","12.0","10","6","1","13","6","1.36","10.05","4.32","3.78","598.4","18496"
"Sterling Sharp","Nationals","1","1","0","4.46","0","10","11.0","12","5","1","9","4","1.44","7.02","3.16","3.78","999.0","19671"
"Brandon Woodruff","Brewers","4","3","0","3.86","11","11","62.0","56","26","8","66","19","1.22","9.65","2.73","3.78","80.5","16162"
"Trevor Gott","Giants","1","1","2","4.34","0","20","20.0","19","9","2","19","7","1.32","8.82","3.36","3.79","597.4","15046"
"Daniel Zamora","Mets","0","0","0","4.36","0","6","5.0","5","3","1","6","2","1.25","10.06","3.09","3.79","999.0","17811"
"James Paxton","Yankees","4","2","0","3.86","9","9","52.0","46","22","8","62","16","1.19","10.71","2.75","3.79","102.5","11828"
"Luis Avilan","Yankees","0","0","0","5.16","0","6","5.0","5","3","1","5","2","1.36","8.89","3.47","3.79","999.0","2882"
"Chris Paddack","Padres","4","3","0","3.65","11","11","62.0","55","25","9","66","15","1.11","9.53","2.10","3.80","50.0","20099"
"Jace Fry","White Sox","1","1","0","4.32","0","20","19.0","16","9","2","22","10","1.39","10.64","4.74","3.81","999.0","16159"
"Dan Otero","Yankees","0","0","0","4.63","0","6","6.0","7","3","1","4","0","1.16","5.18","0.69","3.81","999.0","7385"
"Victor Arano","Phillies","0","0","0","4.07","0","13","14.0","12","6","2","15","5","1.24","9.69","3.00","3.81","601.0","15915"
"Lewis Thorpe","Twins","0","0","0","4.62","1","7","10.0","10","5","1","11","3","1.36","9.71","2.94","3.82","600.8","15906"
"Mike Soroka","Braves","4","3","0","3.75","11","11","63.0","63","26","7","52","16","1.26","7.43","2.35","3.82","112.1","18383"
"Shohei Ohtani","Angels","2","2","0","3.70","6","8","34.0","28","14","4","41","15","1.26","10.64","3.85","3.83","130.5","19755"
"Max Fried","Braves","5","4","0","3.73","11","11","61.0","59","25","7","63","22","1.32","9.20","3.24","3.83","138.6","13743"
"Yu Darvish","Cubs","4","3","0","3.86","11","11","67.0","56","29","10","79","21","1.16","10.68","2.84","3.84","52.4","13074"
"Adrian Morejon","Padres","0","0","0","4.38","1","3","6.0","5","3","1","6","2","1.35","9.58","3.74","3.84","600.7","20039"
"Trevor May","Twins","1","1","1","3.81","0","22","21.0","18","9","3","26","8","1.23","10.92","3.39","3.84","563.7","6398"
"Eric Yardley","Brewers","0","0","0","4.21","0","5","5.0","5","2","0","3","1","1.30","5.93","2.21","3.85","999.0","15538"
"Ryne Stanek","Marlins","1","1","2","3.71","0","25","24.0","20","10","3","28","10","1.28","10.65","3.96","3.86","580.3","15947"
"Mitch Keller","Pirates","3","3","0","4.12","10","10","53.0","52","24","7","55","19","1.34","9.35","3.22","3.86","233.1","17594"
"Rowan Wick","Cubs","1","1","1","3.75","0","23","23.0","20","10","2","23","10","1.33","9.24","3.98","3.87","568.8","14646"
"Blake Treinen","Dodgers","2","1","3","3.58","0","23","24.0","22","10","2","25","10","1.31","9.24","3.68","3.87","404.6","12572"
"Julian Merryweather","Blue Jays","0","0","0","3.45","0","5","6.0","6","2","1","6","2","1.34","8.94","2.83","3.87","999.0","16703"
"Craig Stammen","Padres","1","1","0","3.77","0","24","24.0","24","10","3","22","6","1.23","8.24","2.31","3.87","599.1","7274"
"Chaz Roe","Rays","0","1","1","4.20","0","20","17.0","15","8","2","19","8","1.33","10.18","3.93","3.88","592.6","9866"
"Aaron Nola","Phillies","4","3","0","3.93","11","11","69.0","62","30","9","72","24","1.25","9.49","3.12","3.88","62.5","16149"
"Justin Wilson","Mets","1","1","0","3.46","0","23","20.0","17","8","2","24","9","1.27","10.47","4.07","3.89","599.5","4301"
"Marcus Walden","Red Sox","1","1","0","4.05","0","23","25.0","24","11","3","23","10","1.36","8.36","3.60","3.90","999.0","8004"
"Scott Oberg","Rockies","1","1","3","3.88","0","19","20.0","19","9","2","19","7","1.30","8.66","3.17","3.90","297.4","13911"
"Sonny Gray","Reds","4","3","0","3.82","11","11","64.0","56","27","8","66","25","1.26","9.33","3.49","3.91","91.1","12768"
"Jeurys Familia","Mets","1","1","0","4.36","0","21","21.0","19","10","2","22","11","1.43","9.25","4.52","3.91","598.1","5114"
"Ross Stripling","Blue Jays","3","2","0","3.91","8","15","46.0","46","20","7","44","11","1.23","8.60","2.14","3.92","203.6","13273"
"Adam Kolarek","Dodgers","1","0","0","3.50","0","18","15.0","15","6","1","13","5","1.28","7.34","2.78","3.92","999.0","10843"
"Scott Barlow","Royals","1","1","1","4.01","0","23","26.0","23","11","3","30","12","1.36","10.37","4.25","3.92","596.1","14993"
"Lou Trivino","Athletics","1","1","0","4.27","0","22","22.0","20","10","2","22","9","1.33","9.02","3.78","3.92","599.7","15043"
"Zack Greinke","Astros","5","3","0","3.74","11","11","71.0","67","29","11","66","15","1.16","8.39","1.85","3.93","60.6","1943"
"Sean Doolittle","Nationals","1","1","9","3.85","0","22","21.0","19","9","4","24","5","1.15","9.89","2.24","3.93","176.4","1581"
"Josh James","Astros","3","2","0","3.86","6","11","40.0","33","17","6","50","19","1.29","11.18","4.16","3.93","217.8","16794"
"Dustin May","Dodgers","3","2","0","3.89","7","11","42.0","41","18","5","35","11","1.24","7.60","2.30","3.94","248.1","19716"
"A.J. Puk","Athletics","2","1","0","4.05","4","6","27.0","24","12","3","29","11","1.29","9.75","3.61","3.94","279.7","19343"
"Raisel Iglesias","Reds","1","1","12","3.80","0","24","25.0","21","10","4","29","8","1.20","10.74","2.99","3.94","115.7","17130"
"Peter Fairbanks","Rays","1","1","0","4.25","0","14","14.0","13","7","2","17","6","1.27","10.90","3.54","3.95","600.2","17998"
"Jeremy Jeffress","Cubs","1","1","1","4.05","0","20","20.0","20","9","2","18","7","1.37","8.06","3.34","3.95","599.0","9490"
"Trevor Bauer","Reds","5","4","0","4.06","12","12","71.0","63","32","10","81","26","1.26","10.28","3.35","3.96","78.4","12703"
"Frankie Montas","Athletics","4","3","0","3.84","11","11","61.0","59","26","8","59","19","1.28","8.70","2.79","3.96","91.5","14309"
"Carlos Carrasco","Indians","3","3","0","3.87","9","9","53.0","50","23","8","60","13","1.20","10.19","2.29","3.96","124.0","6632"
"Wander Suero","Nationals","1","1","0","4.33","0","19","19.0","18","9","2","19","7","1.30","9.34","3.30","3.96","597.5","15855"
"David Hernandez","Indians","0","0","0","4.22","0","4","5.0","5","2","1","6","2","1.32","10.08","3.12","3.96","999.0","4259"
"Framber Valdez","Astros","2","2","0","4.11","4","11","31.0","28","14","3","32","15","1.42","9.40","4.48","3.97","584.4","17295"
"Gerardo Reyes","Angels","0","0","0","4.21","0","6","6.0","6","3","1","7","3","1.33","10.63","3.87","3.97","999.0","16306"
"Lance Lynn","Rangers","5","4","0","3.98","11","12","69.0","64","30","9","75","24","1.27","9.76","3.14","3.97","107.9","2520"
"Joe Smith","Astros","0","0","0","3.96","0","10","9.0","8","4","1","9","3","1.14","8.47","2.48","3.99","599.8","3281"
"Lucas Giolito","White Sox","5","4","0","4.04","11","11","67.0","57","30","10","78","24","1.20","10.48","3.23","3.99","44.4","15474"
"Dylan Floro","Dodgers","1","1","0","4.01","0","14","15.0","15","6","2","12","4","1.32","7.52","2.72","4.00","999.0","13394"
"Matt Strahm","Padres","1","2","0","4.03","0","19","23.0","22","10","3","24","6","1.22","9.47","2.45","4.00","588.2","13799"
"James Kaprielian","Athletics","0","0","0","4.34","0","5","5.0","5","3","1","5","2","1.42","8.48","3.86","4.00","599.9","18331"
"Corey Kluber","Rangers","4","3","0","3.97","11","11","63.0","60","28","9","65","16","1.21","9.24","2.27","4.01","91.4","2429"
"Randy Dobnak","Twins","1","1","0","4.10","2","9","20.0","21","9","2","15","5","1.31","6.62","2.26","4.01","590.2","23798"
"Jeffrey Springs","Red Sox","0","0","0","4.62","0","7","9.0","9","5","1","10","4","1.32","10.08","3.48","4.01","999.0","17677"
"Caleb Ferguson","Dodgers","1","1","0","4.08","0","13","12.0","11","5","2","14","5","1.30","10.63","3.79","4.02","601.0","19349"
"Zack Wheeler","Phillies","4","3","0","4.13","10","10","62.0","61","28","9","59","18","1.27","8.64","2.60","4.02","154.5","10310"
"Kyle Hendricks","Cubs","4","4","0","4.01","11","11","65.0","65","29","9","54","14","1.22","7.39","1.96","4.03","148.6","12049"
"Tyler Rogers","Giants","1","1","4","3.64","0","21","21.0","22","9","2","17","9","1.44","7.00","3.85","4.03","489.3","15541"
"Marcus Stroman","Mets","3","3","0","3.93","8","8","46.0","46","20","5","38","15","1.35","7.52","3.04","4.03","233.3","13431"
"Luis Garcia","Rangers","0","0","0","4.54","0","7","7.0","7","3","1","7","3","1.46","8.50","4.23","4.03","999.0","6984"
"Andrew Heaney","Angels","3","3","0","4.16","10","10","58.0","54","27","10","64","17","1.22","9.96","2.59","4.03","194.8","15423"
"Jose Alvarez","Phillies","1","1","0","3.88","0","21","20.0","20","9","2","18","6","1.32","8.14","2.92","4.04","598.7","5358"
"Nate Jones","Reds","0","0","0","4.18","0","6","6.0","6","3","1","6","3","1.37","9.58","3.76","4.04","999.0","4696"
"Eduardo Rodriguez","Red Sox","4","3","0","3.97","10","10","58.0","55","26","8","60","21","1.31","9.40","3.25","4.04","171.6","13164"
"Aaron Loup","Rays","0","0","0","4.24","0","8","7.0","6","3","1","7","3","1.32","9.67","3.40","4.04","999.0","10343"
"Stefan Crichton","Diamondbacks","1","1","0","4.08","0","14","14.0","14","6","2","13","5","1.32","8.24","2.89","4.04","999.0","16058"
"Juan Nicasio","Rangers","0","0","0","5.13","0","7","7.0","7","4","1","7","2","1.35","8.70","3.11","4.04","999.0","7731"
"Brad Wieck","Cubs","1","1","0","4.21","0","17","16.0","13","8","3","21","7","1.26","11.86","3.91","4.05","999.0","16390"
"Hyun-Jin Ryu","Blue Jays","4","3","0","3.80","10","10","61.0","61","26","9","55","13","1.21","8.08","1.90","4.05","146.0","14444"
"Andrew Miller","Cardinals","1","1","1","4.03","0","22","20.0","18","9","3","24","8","1.28","10.74","3.74","4.05","560.5","6785"
"Joe Musgrove","Pirates","4","4","0","4.26","11","11","64.0","65","30","9","57","15","1.25","8.04","2.08","4.05","203.6","12970"
"Dinelson Lamet","Padres","3","3","0","3.99","10","10","54.0","46","24","8","65","21","1.25","10.80","3.54","4.05","129.5","17186"
"Jon Duplantier","Diamondbacks","1","1","0","4.43","1","11","17.0","16","8","2","16","8","1.41","8.39","4.36","4.05","599.5","19546"
"Jonathan Loaisiga","Yankees","2","1","0","4.49","4","12","29.0","27","14","4","32","11","1.30","10.14","3.32","4.06","563.7","19753"
"Darren O'Day","Braves","1","0","0","3.99","0","15","15.0","13","7","2","17","5","1.19","10.27","2.82","4.06","999.0","3321"
"German Marquez","Rockies","4","4","0","4.41","11","11","67.0","67","33","10","67","17","1.26","9.03","2.35","4.06","197.0","15038"
"Shane Greene","Braves","1","1","1","3.89","0","24","24.0","23","10","3","24","8","1.26","8.88","2.94","4.06","571.4","10756"
"Zac Gallen","Diamondbacks","4","3","0","4.02","11","11","60.0","55","27","8","62","22","1.29","9.29","3.32","4.07","121.8","19291"
"Sam Dyson","","0","0","0","3.92","0","11","11.0","12","5","1","10","4","1.38","7.81","2.91","4.07","999.0","11710"
"Zack Littell","Twins","1","1","0","4.36","0","14","17.0","16","8","2","15","5","1.29","8.28","2.92","4.07","999.0","15823"
"Brandon Brennan","Mariners","1","2","1","4.19","0","21","22.0","20","10","3","22","10","1.36","8.86","4.01","4.07","600.8","13527"
"Cam Bedrosian","Angels","1","1","0","3.89","0","22","21.0","20","9","3","21","8","1.31","9.03","3.33","4.08","600.8","13360"
"Brent Honeywell Jr.","Rays","0","1","0","4.48","1","1","11.0","12","6","2","12","4","1.37","9.49","3.00","4.08","999.0","sa828706"
"Art Warren","Mariners","0","0","0","4.11","0","5","5.0","5","2","1","5","2","1.32","9.10","4.00","4.08","999.0","18251"
"Brad Brach","Mets","1","1","0","4.36","0","14","13.0","13","6","2","14","6","1.39","9.32","4.03","4.08","999.0","6627"
"Mychal Givens","Rockies","1","1","4","4.09","0","23","24.0","20","11","4","29","10","1.23","10.78","3.54","4.09","312.1","10430"
"Freddy Peralta","Brewers","3","2","0","4.31","5","18","38.0","32","18","6","49","18","1.32","11.69","4.24","4.09","370.3","18679"
"Jose Urquidy","Astros","3","2","0","4.11","7","9","39.0","38","18","6","39","9","1.20","8.99","2.06","4.09","274.2","18413"
"Luke Weaver","Diamondbacks","3","3","0","4.28","10","10","54.0","54","26","8","53","17","1.30","8.79","2.83","4.09","194.6","16918"
"Michael Feliz","Pirates","1","1","1","4.24","0","22","22.0","20","11","3","27","10","1.30","10.84","3.84","4.09","598.7","11903"
"Alex Colome","White Sox","1","1","11","3.74","0","24","24.0","21","10","3","23","8","1.25","8.86","3.16","4.09","132.5","6661"
"Adam Ottavino","Yankees","1","1","2","3.59","0","25","24.0","19","10","3","30","12","1.29","11.48","4.59","4.10","529.4","1247"
"Miles Mikolas","Cardinals","3","3","0","4.18","10","10","57.0","60","26","8","43","11","1.23","6.80","1.70","4.10","275.3","9803"
"Stephen Tarpley","Marlins","1","0","0","4.40","0","13","13.0","12","6","2","13","6","1.38","9.26","4.09","4.10","999.0","15859"
"Dominic Leone","Indians","0","0","0","4.42","0","11","9.0","9","5","1","11","4","1.35","10.37","3.42","4.12","999.0","13763"
"Matthew Boyd","Tigers","4","4","0","4.39","11","11","67.0","62","33","12","75","20","1.22","10.11","2.66","4.12","152.0","15440"
"Alex Claudio","Brewers","1","1","0","4.22","0","23","22.0","23","10","2","15","7","1.38","6.07","2.72","4.12","999.0","12890"
"Hector Neris","Phillies","1","1","11","3.63","0","22","22.0","18","9","4","29","8","1.16","11.69","3.18","4.12","115.0","11804"
"Ryan Brasier","Red Sox","1","1","0","3.97","0","19","19.0","18","8","3","19","6","1.27","9.15","3.00","4.12","593.0","5615"
"Oliver Perez","Indians","1","1","0","4.14","0","22","18.0","16","8","3","21","6","1.22","10.28","2.97","4.13","999.0","1514"
"Ryan Yarbrough","Rays","4","3","0","4.09","9","9","54.0","53","25","8","46","13","1.22","7.64","2.15","4.13","231.2","16502"
"David Peterson","Mets","1","2","0","4.44","5","7","27.0","29","13","3","24","11","1.45","7.95","3.53","4.13","999.0","20302"
"Michael Lorenzen","Reds","1","1","3","3.89","0","25","26.0","25","11","3","25","10","1.31","8.48","3.30","4.13","538.6","14843"
"Adam Morgan","Phillies","1","1","0","4.22","0","21","18.0","17","9","3","19","7","1.29","9.20","3.18","4.14","598.9","12580"
"Dillon Maples","Cubs","0","0","0","4.29","0","8","7.0","6","3","1","10","6","1.58","13.06","7.27","4.14","999.0","14672"
"Jairo Diaz","Rockies","1","1","1","4.47","0","23","24.0","24","12","3","24","10","1.39","9.09","3.62","4.14","583.1","12774"
"Kenta Maeda","Twins","4","3","0","4.22","10","12","59.0","53","28","9","64","20","1.23","9.73","3.08","4.14","141.9","18498"
"Nick Vincent","Marlins","0","0","0","4.94","0","8","8.0","9","5","1","8","2","1.30","8.15","2.25","4.14","999.0","7555"
"Colten Brewer","Red Sox","1","1","0","4.25","1","12","15.0","16","7","2","14","7","1.49","8.30","4.25","4.15","999.0","12997"
"Hansel Robles","Angels","1","1","11","3.68","0","23","24.0","21","10","3","26","9","1.25","9.61","3.27","4.15","133.9","11801"
"Cody Stashak","Twins","1","1","0","4.65","0","12","13.0","13","7","2","13","3","1.21","9.22","2.06","4.15","999.0","18088"
"Jose Berrios","Twins","5","3","0","3.96","12","12","72.0","68","31","10","70","20","1.24","8.78","2.55","4.15","67.3","14168"
"Brad Peacock","Astros","1","1","0","4.05","1","16","20.0","18","9","3","23","8","1.25","10.32","3.32","4.15","583.7","5401"
"Brian Moran","Marlins","0","0","0","4.16","0","7","6.0","5","3","1","7","2","1.32","11.33","3.89","4.15","999.0","9646"
"Phillips Valdez","Red Sox","0","0","0","4.56","0","7","8.0","8","4","1","7","4","1.48","8.18","4.13","4.16","999.0","15605"
"Nick Wittgren","Indians","1","1","1","3.79","0","23","23.0","21","10","4","23","7","1.23","8.94","2.60","4.16","591.9","15594"
"Kwang-hyun Kim","Cardinals","2","2","3","4.10","5","13","34.0","34","15","5","30","10","1.30","8.00","2.61","4.16","366.6","27458"
"Drew Steckenrider","Marlins","0","1","0","4.51","0","14","14.0","12","7","2","15","5","1.26","9.81","3.57","4.16","600.6","18806"
"Kyle Ryan","Cubs","1","1","0","4.23","0","23","22.0","22","10","2","19","10","1.44","7.82","4.11","4.16","999.0","11753"
"Bryan Abreu","Astros","1","1","0","4.27","0","15","17.0","15","8","2","21","10","1.44","11.15","5.16","4.16","580.5","16609"
"Luke Gregerson","","0","0","0","4.91","0","9","9.0","9","5","1","7","3","1.41","7.31","2.93","4.17","999.0","4090"
"Brandon Kintzler","Marlins","1","1","7","3.96","0","23","23.0","23","10","3","17","6","1.29","6.85","2.54","4.17","256.5","9939"
"Evan Marshall","White Sox","1","1","0","3.86","0","19","18.0","18","8","2","16","6","1.34","7.77","3.10","4.17","999.0","12297"
"Reyes Moronta","Giants","0","0","0","4.17","0","7","7.0","6","3","1","8","4","1.39","10.63","4.89","4.17","600.9","14966"
"Julio Urias","Dodgers","4","3","0","3.76","9","12","54.0","49","23","7","56","20","1.28","9.20","3.34","4.18","124.7","14765"
"Jon Gray","Rockies","4","4","0","4.54","11","11","65.0","65","33","9","63","22","1.34","8.79","3.02","4.18","281.4","14916"
"Adrian Houser","Brewers","3","3","0","4.20","10","11","53.0","52","25","7","48","18","1.34","8.17","3.14","4.18","229.0","12718"
"Ray Black","Brewers","1","1","0","4.56","0","17","15.0","12","8","2","20","7","1.29","11.61","4.28","4.18","600.6","14244"
"Ryne Harper","Nationals","0","1","0","4.18","0","11","11.0","11","5","2","10","3","1.29","8.54","2.47","4.18","999.0","12680"
"Pablo Lopez","Marlins","3","4","0","4.35","10","10","54.0","55","26","7","45","15","1.29","7.45","2.42","4.19","461.3","17085"
"Chad Sobotka","Braves","0","0","0","4.28","0","6","7.0","6","3","1","8","3","1.46","10.45","4.54","4.19","999.0","17470"
"Craig Kimbrel","Cubs","1","1","10","4.04","0","21","21.0","16","9","3","28","9","1.20","12.21","4.02","4.19","132.5","6655"
"Matt Magill","Mariners","1","1","4","4.11","0","21","22.0","20","10","3","24","9","1.32","9.86","3.50","4.19","346.4","3950"
"Adam Cimber","Indians","1","1","0","4.20","0","21","21.0","22","10","3","16","6","1.33","6.80","2.44","4.19","999.0","15288"
"Logan Webb","Giants","2","2","0","4.39","6","7","33.0","34","16","4","28","13","1.41","7.46","3.53","4.19","599.1","17995"
"Yonny Chirinos","Rays","3","2","0","4.02","8","10","49.0","48","22","7","42","12","1.22","7.70","2.16","4.20","308.2","16401"
"Pedro Strop","Cubs","1","1","1","4.07","0","21","21.0","18","9","3","22","9","1.30","9.60","3.77","4.20","596.9","4070"
"Spencer Turnbull","Tigers","2","4","0","4.49","10","11","53.0","53","27","7","50","20","1.38","8.51","3.36","4.20","445.0","16207"
"Geoff Hartlieb","Pirates","1","0","0","5.17","0","9","10.0","10","6","1","10","5","1.46","9.01","4.11","4.20","999.0","19558"
"Tony Watson","Giants","1","1","6","4.01","0","23","22.0","22","10","3","19","6","1.25","7.64","2.34","4.20","333.9","3132"
"Patrick Sandoval","Angels","2","2","0","4.43","5","8","32.0","31","16","4","32","14","1.40","9.02","3.91","4.20","591.2","19447"
"Carlos Estevez","Rockies","1","1","2","4.35","0","23","24.0","23","12","4","25","9","1.33","9.58","3.30","4.21","600.5","14542"
"Anthony Bass","Blue Jays","1","1","1","4.08","0","21","22.0","21","10","3","20","7","1.31","8.19","3.05","4.21","597.6","7982"
"Dany Jimenez","","0","0","0","3.79","0","8","8.0","7","3","1","8","3","1.27","9.25","3.65","4.21","999.0","21170"
"MacKenzie Gore","Padres","2","1","0","4.22","4","6","24.0","23","11","3","24","9","1.30","9.01","3.41","4.21","999.0","sa3005068"
"Michael Pineda","Twins","1","1","0","4.38","4","5","20.0","21","10","3","19","4","1.26","8.61","2.02","4.21","532.9","5372"
"Griffin Canning","Angels","2","2","0","4.27","6","6","30.0","28","14","5","31","11","1.28","9.22","3.14","4.21","298.4","19867"
"Ryan Helsley","Cardinals","1","1","5","3.89","0","21","23.0","21","10","3","22","9","1.33","8.69","3.67","4.22","340.1","18138"
"Sam Tuivailala","","0","0","0","4.62","0","13","13.0","12","6","1","12","5","1.35","8.62","3.63","4.22","600.3","13485"
"Hector Rondon","Diamondbacks","1","1","1","4.16","0","22","22.0","22","10","3","20","7","1.32","8.12","2.97","4.22","600.0","2391"
"Noe Ramirez","Angels","1","1","0","4.32","0","20","22.0","20","11","4","24","7","1.26","9.68","3.04","4.22","600.4","12800"
"Fernando Romero","Twins","0","0","0","4.64","0","7","8.0","8","4","1","7","4","1.52","8.16","4.37","4.22","999.0","15885"
"Chris Bassitt","Athletics","2","2","0","4.24","6","11","38.0","36","18","5","35","13","1.30","8.23","3.06","4.22","382.0","12304"
"Garrett Richards","Padres","3","3","0","4.40","9","9","48.0","44","23","6","47","20","1.35","8.82","3.81","4.22","237.8","9784"
"Richard Rodriguez","Pirates","1","1","1","3.99","0","24","24.0","23","11","4","24","8","1.28","9.10","2.88","4.23","596.5","13549"
"Sixto Sanchez","Marlins","1","1","0","3.79","3","3","17.0","17","7","2","13","4","1.26","7.05","2.36","4.23","587.9","19680"
"Kevin Gausman","Giants","3","3","0","4.45","10","10","54.0","55","27","7","49","17","1.34","8.23","2.86","4.24","445.3","14107"
"Bryse Wilson","Braves","1","1","0","4.38","3","10","20.0","20","10","3","18","6","1.32","8.12","2.82","4.24","599.5","19990"
"Robert Stephenson","Reds","1","1","1","3.95","0","20","22.0","18","10","3","27","9","1.25","10.96","3.81","4.24","597.0","13594"
"Ian Kennedy","Royals","1","1","10","4.12","0","23","24.0","23","11","4","25","7","1.27","9.16","2.79","4.24","183.3","6986"
"Jake Odorizzi","Twins","4","3","0","4.30","11","11","60.0","56","29","9","63","22","1.29","9.40","3.27","4.24","178.0","6397"
"Yusmeiro Petit","Athletics","1","1","0","3.87","0","27","28.0","26","12","5","24","6","1.13","7.86","1.79","4.24","554.9","4020"
"Luis Patino","Padres","1","1","0","3.57","2","2","12.0","12","5","1","11","5","1.39","8.17","3.55","4.26","999.0","22815"
"Evan Phillips","Orioles","0","0","0","5.66","0","7","7.0","7","4","1","7","4","1.53","9.21","4.93","4.26","999.0","17734"
"Kyle Crick","Pirates","1","1","3","4.16","0","23","23.0","21","11","3","25","12","1.40","9.84","4.57","4.27","447.7","13182"
"Taylor Williams","Padres","0","0","0","4.51","0","6","6.0","6","3","1","6","2","1.38","8.85","3.47","4.27","999.0","14899"
"Dan Altavilla","Padres","1","1","0","4.18","0","15","15.0","13","7","2","18","7","1.33","10.89","4.45","4.27","599.9","16507"
"J.B. Wendelken","Athletics","1","1","0","3.95","0","13","14.0","13","6","2","14","5","1.37","8.99","3.63","4.27","999.0","14506"
"Tommy Hunter","Phillies","1","1","0","4.01","0","10","10.0","10","4","1","9","3","1.24","7.86","2.29","4.27","999.0","1157"
"Deolis Guerra","Phillies","0","0","0","4.39","0","6","5.0","5","3","1","5","2","1.24","8.76","2.71","4.27","999.0","8410"
"Joel Kuhnel","Reds","0","0","0","4.27","0","10","10.0","10","5","1","8","3","1.29","7.42","2.78","4.27","999.0","19995"
"Pierce Johnson","Padres","1","0","0","4.97","0","10","10.0","9","6","1","10","5","1.42","9.02","4.40","4.28","600.2","13435"
"Edgar Garcia","","0","0","0","5.02","0","6","7.0","6","4","1","8","2","1.27","10.07","3.21","4.28","999.0","sa282907"
"Hunter Wood","Indians","1","1","0","4.21","0","14","15.0","15","7","2","15","5","1.28","8.61","2.93","4.29","999.0","15091"
"Tyler Webb","Cardinals","1","1","0","4.36","0","17","16.0","15","8","2","15","6","1.32","7.97","3.46","4.29","600.6","14974"
"Chris Devenski","Astros","1","1","0","4.34","0","22","22.0","20","11","4","24","7","1.20","9.63","2.65","4.29","595.7","12763"
"Austin Gomber","Cardinals","1","1","0","4.38","1","10","14.0","13","7","2","13","5","1.37","8.27","3.50","4.29","600.5","16561"
"Buck Farmer","Tigers","1","2","1","4.21","0","25","25.0","24","12","3","25","10","1.36","9.11","3.52","4.29","596.4","14814"
"Yoshihisa Hirano","Mariners","1","1","6","4.19","0","20","19.0","18","9","3","19","7","1.31","9.00","3.48","4.29","550.4","19756"
"Matt Wisler","Twins","1","1","0","5.04","0","11","12.0","12","7","2","12","3","1.27","8.84","2.29","4.29","999.0","12804"
"Michael Rucker","Cubs","0","0","0","4.67","0","7","7.0","7","3","1","6","3","1.41","8.55","3.59","4.30","999.0","sa919117"
"Nate Pearson","Blue Jays","2","2","0","4.32","8","10","40.0","37","19","6","38","13","1.24","8.44","2.83","4.30","253.6","20160"
"Phil Maton","Indians","1","1","0","4.59","0","12","13.0","12","6","2","14","5","1.32","9.71","3.29","4.30","999.0","18064"
"Amir Garrett","Reds","1","1","0","3.92","0","23","23.0","20","10","3","28","12","1.38","10.79","4.48","4.30","592.7","14375"
"Dennis Santana","Dodgers","0","0","0","4.77","0","4","5.0","5","3","1","6","3","1.45","9.32","4.12","4.30","999.0","17878"
"Tarik Skubal","Tigers","1","1","0","4.22","2","4","15.0","14","7","2","17","6","1.35","10.06","3.65","4.30","999.0","22267"
"Ben Heller","Yankees","0","0","0","4.02","0","8","9.0","8","4","1","10","4","1.30","10.13","3.75","4.31","999.0","15100"
"Pedro Baez","Dodgers","1","1","0","3.83","0","24","23.0","20","10","3","23","8","1.23","9.16","3.28","4.31","582.6","5420"
"Jared Hughes","Mets","1","1","0","4.14","0","13","13.0","12","6","1","10","5","1.37","6.86","3.41","4.32","999.0","9325"
"Jeff Brigham","Marlins","0","1","0","4.48","0","12","13.0","12","6","2","12","5","1.30","8.77","3.45","4.32","999.0","16631"
"Tony Cingrani","","0","0","0","4.13","0","8","8.0","8","4","1","8","3","1.40","9.42","3.91","4.32","999.0","12555"
"Taylor Cole","Angels","0","0","0","4.58","0","5","6.0","6","3","1","6","2","1.37","8.96","3.22","4.33","999.0","11964"
"Carlos Martinez","Cardinals","3","3","2","3.94","7","12","47.0","43","21","5","45","19","1.33","8.53","3.71","4.33","161.3","11682"
"Duane Underwood Jr.","Cubs","0","0","0","4.54","0","7","7.0","8","4","1","7","3","1.53","9.23","4.27","4.33","999.0","14677"
"Deivi Garcia","Yankees","1","1","0","5.35","2","3","13.0","12","8","2","15","6","1.44","10.52","4.37","4.34","595.8","20276"
"Michel Baez","Padres","0","1","0","3.65","1","8","9.0","8","4","1","9","4","1.31","9.10","3.85","4.34","999.0","20100"
"Keynan Middleton","Angels","1","1","2","3.75","0","18","18.0","17","8","3","19","8","1.34","9.10","3.69","4.35","594.5","15264"
"John Gant","Cardinals","1","1","0","4.10","0","21","23.0","21","10","3","21","10","1.38","8.09","4.04","4.35","596.6","13684"
"Dallas Keuchel","White Sox","4","4","0","4.15","10","10","64.0","66","29","8","50","21","1.37","7.05","3.01","4.35","281.3","9434"
"Tanner Rainey","Nationals","1","1","0","4.44","0","22","21.0","16","10","3","28","15","1.48","12.09","6.34","4.36","598.6","17610"
"Sergio Romo","Twins","1","1","2","4.49","0","23","21.0","21","11","4","22","7","1.29","9.08","2.78","4.36","573.2","9817"
"Mike Minor","Athletics","4","4","0","4.22","11","11","67.0","66","32","11","63","21","1.29","8.44","2.86","4.36","168.6","10021"
"Sam Gaviglio","Blue Jays","1","1","0","4.71","0","18","22.0","23","12","3","19","6","1.29","7.88","2.39","4.36","600.8","12778"
"Corbin Burnes","Brewers","2","2","0","4.99","5","13","37.0","37","21","6","39","14","1.37","9.49","3.32","4.37","290.0","19361"
"Joey Lucchesi","Padres","3","4","0","4.34","10","11","58.0","56","28","9","54","21","1.33","8.32","3.23","4.37","273.0","19320"
"Nathan Eovaldi","Red Sox","3","3","0","4.44","11","11","57.0","57","28","9","55","19","1.33","8.62","2.98","4.37","269.2","9132"
"Shaun Anderson","Giants","1","1","1","4.43","0","17","19.0","20","9","3","15","7","1.37","7.13","3.09","4.38","586.2","19453"
"Daniel Ponce de Leon","Cardinals","1","1","0","4.20","2","13","24.0","21","11","3","23","12","1.36","8.74","4.39","4.38","570.7","16110"
"Fernando Rodney","","0","0","0","4.96","0","8","8.0","7","4","1","8","4","1.52","9.16","4.87","4.38","600.9","494"
"Robbie Erlin","Braves","0","1","0","4.65","1","7","17.0","19","9","3","14","5","1.39","7.12","2.47","4.38","999.0","10354"
"Rafael Montero","Rangers","1","1","1","3.71","0","20","22.0","20","9","3","24","8","1.27","9.73","3.13","4.38","564.9","12760"
"Rich Hill","Twins","4","2","0","4.08","9","9","47.0","41","21","7","51","16","1.22","9.79","3.03","4.38","179.4","4806"
"Dylan Cease","White Sox","3","3","0","4.59","10","10","52.0","49","26","7","53","23","1.41","9.28","4.10","4.39","268.1","18525"
"Casey Sadler","Mariners","1","1","0","3.81","0","11","13.0","14","6","2","11","4","1.38","7.26","3.00","4.39","999.0","11209"
"Jose De Leon","Reds","1","1","0","4.69","1","7","12.0","11","6","2","13","6","1.40","10.27","4.34","4.40","600.3","15463"
"Joely Rodriguez","Rangers","1","1","0","4.46","0","15","15.0","15","8","2","14","7","1.44","8.37","3.92","4.40","600.2","11487"
"David Phelps","Phillies","1","1","0","4.09","0","21","21.0","20","10","3","21","10","1.41","8.95","4.08","4.40","999.0","6316"
"Devin Williams","Brewers","0","0","0","4.25","0","11","11.0","10","5","2","13","6","1.46","10.45","4.76","4.40","999.0","15816"
"Chris Stratton","Pirates","1","2","0","4.83","1","14","22.0","23","12","3","18","8","1.44","7.59","3.37","4.41","999.0","13761"
"Ranger Suarez","Phillies","1","1","0","4.21","0","14","17.0","18","8","2","14","5","1.34","7.40","2.83","4.41","999.0","17277"
"James Hoyt","Marlins","0","0","0","4.06","0","11","11.0","10","5","1","12","4","1.33","9.69","3.54","4.41","999.0","14605"
"Chris Mazza","Red Sox","1","1","0","4.62","2","5","15.0","16","8","2","10","5","1.44","6.31","2.92","4.41","999.0","14151"
"Brent Suter","Brewers","2","1","0","4.17","1","21","29.0","30","14","5","25","7","1.24","7.69","2.07","4.41","588.1","13942"
"James Marvel","Pirates","0","0","0","4.62","1","1","6.0","6","3","1","3","2","1.35","5.58","2.66","4.41","999.0","19675"
"Robbie Ray","Blue Jays","4","3","0","4.40","11","11","60.0","52","29","9","73","30","1.37","11.04","4.49","4.41","152.6","11486"
"Trevor Cahill","Giants","1","1","0","4.58","1","12","18.0","18","9","2","16","7","1.41","7.74","3.65","4.41","599.3","6249"
"Tyler Mahle","Reds","2","2","0","4.37","4","17","35.0","34","17","6","34","11","1.30","8.76","2.82","4.43","559.3","16358"
"Sam Coonrod","Giants","1","1","0","4.33","0","16","16.0","16","8","2","14","8","1.50","8.08","4.71","4.43","999.0","17264"
"Hunter Harvey","Orioles","1","1","4","4.38","0","17","18.0","17","9","3","20","7","1.36","9.92","3.62","4.43","333.9","15507"
"Yimi Garcia","Marlins","1","1","1","4.49","0","19","20.0","19","10","4","20","5","1.20","8.89","2.38","4.43","598.3","12095"
"Jimmy Cordero","White Sox","1","1","0","4.18","0","15","15.0","15","7","2","14","7","1.42","7.92","4.21","4.43","999.0","15690"
"Cole Sulser","Orioles","0","0","0","4.08","0","6","7.0","7","3","1","7","3","1.42","10.02","3.96","4.44","999.0","15256"
"Robert Gsellman","Mets","1","1","0","4.45","0","13","15.0","15","7","2","13","5","1.35","7.77","3.08","4.44","600.7","13696"
"Luis Perdomo","Padres","0","0","0","4.73","0","9","11.0","11","6","1","9","4","1.37","7.22","2.95","4.44","999.0","14682"
"Grant Dayton","Braves","0","0","0","4.09","0","11","10.0","9","5","2","11","3","1.15","9.68","2.38","4.44","999.0","11203"
"Alex Wood","Dodgers","3","3","0","4.09","9","9","49.0","49","22","7","42","13","1.26","7.70","2.39","4.44","229.0","13781"
"Taylor Guilbeau","Mariners","0","0","0","4.10","0","10","9.0","9","4","1","7","4","1.40","7.29","3.65","4.45","999.0","18306"
"Brad Keller","Royals","3","4","0","4.39","10","10","55.0","56","27","6","41","22","1.42","6.70","3.61","4.45","576.6","15734"
"Jonathan Holder","Yankees","1","1","0","4.77","0","15","15.0","14","8","3","15","4","1.24","9.08","2.56","4.45","999.0","16588"
"John Schreiber","Tigers","1","1","0","4.90","0","13","13.0","13","7","2","14","5","1.34","9.53","3.30","4.45","999.0","20020"
"Nick Ramirez","Tigers","1","0","0","4.78","0","11","13.0","14","7","2","11","6","1.48","7.63","3.90","4.45","999.0","12575"
"Jose Quintana","Cubs","3","2","0","4.50","8","8","44.0","45","22","6","38","14","1.36","7.81","2.88","4.45","552.6","11423"
"Daniel Gossett","","1","0","0","4.27","1","3","6.0","6","3","1","5","2","1.39","7.29","3.29","4.45","999.0","16164"
"Aaron Civale","Indians","3","3","0","4.23","9","9","50.0","53","24","8","40","13","1.30","7.17","2.24","4.45","236.3","19479"
"Madison Bumgarner","Diamondbacks","3","4","0","4.38","11","11","66.0","66","32","11","60","17","1.26","8.16","2.37","4.46","139.2","5524"
"Pat Neshek","","1","0","0","3.57","0","12","10.0","10","4","2","8","2","1.16","7.33","1.48","4.46","598.7","4682"
"Ian Hamilton","White Sox","0","0","0","4.50","0","7","6.0","6","3","1","6","2","1.26","8.76","3.01","4.47","999.0","19261"
"Marco Gonzales","Mariners","4","4","0","4.38","11","11","66.0","69","32","10","49","18","1.33","6.77","2.43","4.47","496.0","15467"
"Trevor Richards","Rays","1","1","0","4.28","3","10","23.0","22","11","4","22","9","1.32","8.73","3.32","4.47","555.2","19309"
"Devin Smeltzer","Twins","1","1","0","4.60","1","7","14.0","15","7","2","12","4","1.28","7.64","2.35","4.47","600.8","19487"
"Jesse Chavez","Rangers","1","1","0","4.68","0","21","24.0","25","12","4","22","7","1.34","8.20","2.59","4.47","600.5","5448"
"Felix Pena","Angels","1","1","0","4.61","1","16","22.0","22","12","4","23","8","1.33","9.13","3.20","4.47","600.5","13403"
"Dakota Hudson","Cardinals","4","4","0","4.29","11","11","61.0","62","29","6","45","28","1.46","6.59","4.07","4.47","388.1","19206"
"Junior Guerra","Diamondbacks","1","1","0","4.37","0","21","22.0","22","11","3","20","9","1.39","8.16","3.77","4.48","600.9","5702"
"Heath Hembree","Phillies","1","1","0","4.46","0","19","19.0","18","9","3","21","7","1.33","10.09","3.49","4.48","999.0","11632"
"Clay Holmes","Pirates","1","2","0","4.63","0","19","22.0","23","12","2","21","14","1.61","8.38","5.45","4.49","999.0","13649"
"Cal Quantrill","Indians","1","2","0","4.64","3","11","25.0","27","13","4","21","8","1.38","7.50","2.79","4.49","592.5","19312"
"Jonny Venters","","0","0","0","4.36","0","8","7.0","7","3","1","6","4","1.57","8.30","5.24","4.49","999.0","7175"
"Roenis Elias","Nationals","1","1","0","4.33","0","17","19.0","18","9","3","16","7","1.36","7.82","3.36","4.49","600.2","12673"
"Kyle Gibson","Rangers","3","4","0","4.53","10","11","60.0","63","30","9","55","22","1.41","8.22","3.31","4.49","448.9","10123"
"Austin Davis","Pirates","0","0","0","5.06","0","8","10.0","9","5","2","10","4","1.40","9.76","4.00","4.49","999.0","17117"
"Kelvin Herrera","","1","1","1","4.59","0","19","18.0","18","9","3","18","6","1.32","8.78","3.06","4.50","599.7","6033"
"Spencer Howard","Phillies","1","1","0","4.42","2","2","11.0","10","5","2","11","4","1.33","8.95","3.53","4.50","999.0","23252"
"Kyle Wright","Braves","2","2","0","4.63","6","6","29.0","29","15","4","25","11","1.41","7.78","3.52","4.50","511.6","19665"
"Michael Fulmer","Tigers","2","3","0","4.69","6","8","36.0","37","19","5","30","11","1.33","7.54","2.69","4.50","569.8","13218"
"Brady Singer","Royals","1","1","0","4.69","2","3","12.0","13","6","2","9","4","1.41","6.74","2.91","4.50","585.8","25377"
"Steven Matz","Mets","3","3","0","4.34","10","10","57.0","56","27","9","52","19","1.34","8.26","3.06","4.50","301.2","13361"
"Wilmer Font","Blue Jays","1","1","0","4.64","0","13","16.0","15","8","3","17","5","1.28","9.66","2.94","4.51","599.5","5257"
"J.P. Feyereisen","Brewers","1","1","0","4.57","0","9","9.0","8","5","1","11","5","1.40","10.36","4.66","4.51","999.0","16610"
"Zach Duke","","0","0","0","4.89","0","10","9.0","9","5","1","8","4","1.43","7.68","4.07","4.51","999.0","3840"
"Steve Cishek","White Sox","1","1","1","3.89","0","24","22.0","20","10","3","22","9","1.30","8.72","3.72","4.51","589.7","6483"
"Masahiro Tanaka","Yankees","4","3","0","4.31","9","9","55.0","56","26","10","48","13","1.25","7.91","2.08","4.51","235.3","15764"
"Josh Lindblom","Brewers","3","4","0","4.52","10","10","57.0","58","28","10","52","17","1.32","8.31","2.72","4.51","340.9","7882"
"Anthony DeSclafani","Reds","3","3","0","4.48","10","10","55.0","55","27","10","52","16","1.29","8.57","2.59","4.51","252.4","13050"
"Mike Morin","Marlins","0","0","0","4.71","0","9","9.0","10","5","1","6","3","1.37","5.89","3.04","4.52","999.0","13442"
"Richard Bleier","Marlins","1","1","1","4.45","0","22","23.0","26","12","3","13","5","1.35","5.11","2.01","4.53","601.0","7803"
"T.J. McFarland","Athletics","1","1","0","4.26","0","16","17.0","19","8","2","10","6","1.44","5.47","2.98","4.53","999.0","3237"
"Nick Pivetta","Red Sox","2","2","0","4.65","2","18","31.0","30","16","5","32","12","1.34","9.28","3.34","4.53","581.1","15454"
"Jalen Beeks","Rays","1","2","0","4.27","2","13","22.0","21","10","3","20","8","1.36","8.12","3.48","4.53","599.6","17192"
"Rogelio Armenteros","Astros","0","0","0","4.80","1","6","10.0","10","5","1","9","4","1.48","8.79","3.94","4.53","600.8","17679"
"Kevin McCarthy","Royals","1","1","0","4.38","0","17","17.0","19","8","2","12","6","1.46","6.05","3.06","4.54","999.0","15240"
"Brett Anderson","Brewers","3","3","0","4.65","9","9","48.0","54","25","6","28","13","1.42","5.33","2.53","4.54","591.6","8223"
"Alex Reyes","Cardinals","1","1","0","4.58","0","12","14.0","12","7","2","14","8","1.46","9.14","5.17","4.54","571.4","15015"
"Alec Mills","Cubs","2","2","0","4.58","5","10","35.0","36","18","5","31","12","1.38","7.95","3.18","4.54","582.1","13834"
"Adam Wainwright","Cardinals","3","3","0","4.62","9","9","50.0","53","26","7","41","19","1.44","7.43","3.37","4.55","532.4","2233"
"Andrew Triggs","Red Sox","0","0","0","3.97","0","5","6.0","5","2","1","5","2","1.24","8.13","3.06","4.55","999.0","13533"
"Daniel Hudson","Nationals","1","1","4","4.03","0","23","23.0","22","10","3","22","9","1.33","8.77","3.51","4.55","267.3","7146"
"Josh Osich","Cubs","0","0","0","4.95","0","9","9.0","10","5","1","8","3","1.44","7.79","3.28","4.55","999.0","11528"
"Rick Porcello","Mets","4","4","0","4.74","11","11","64.0","67","34","11","55","16","1.30","7.69","2.31","4.56","476.0","2717"
"Cole Hamels","Braves","2","2","0","4.44","8","8","41.0","40","20","6","38","15","1.36","8.45","3.38","4.57","441.8","4972"
"Sean Manaea","Athletics","4","3","0","4.04","10","10","56.0","54","25","8","48","15","1.23","7.83","2.36","4.57","181.9","15873"
"Tucker Davidson","Braves","0","0","0","3.64","0","4","6.0","6","2","1","5","2","1.42","8.17","3.73","4.57","999.0","sa918393"
"Ian Anderson","Braves","1","1","0","4.54","3","3","16.0","15","8","2","17","8","1.46","9.45","4.79","4.57","589.7","19951"
"Matt Bowman","Reds","0","0","0","4.28","0","9","10.0","10","5","1","8","4","1.42","7.51","3.89","4.57","999.0","13528"
"Aaron Sanchez","","1","1","0","4.96","2","7","17.0","18","9","2","15","8","1.50","7.73","4.20","4.58","999.0","11490"
"Matt Andriese","Angels","1","2","0","4.64","3","11","27.0","27","14","4","26","9","1.35","8.64","3.03","4.58","598.8","12022"
"Trevor Oaks","Giants","1","0","0","4.80","0","3","7.0","7","4","1","4","2","1.50","4.92","3.37","4.58","999.0","16468"
"Bobby Wahl","Brewers","0","0","0","4.70","0","7","5.0","4","3","1","6","2","1.28","11.16","4.18","4.59","999.0","14832"
"Kyle Keller","Angels","0","0","0","4.74","0","6","6.0","6","3","1","7","3","1.45","10.50","4.20","4.59","999.0","18890"
"Trevor Rosenthal","Padres","0","1","0","5.73","0","14","13.0","11","8","1","15","8","1.51","10.39","5.69","4.59","533.4","10745"
"Tyler Anderson","Giants","2","2","0","4.59","5","9","29.0","29","15","5","27","10","1.33","8.53","3.08","4.59","599.3","12880"
"Matt Manning","Tigers","1","1","0","4.63","3","3","18.0","17","9","3","16","7","1.37","8.14","3.50","4.59","999.0","sa917924"
"Sean Newcomb","Braves","2","2","0","4.17","5","18","38.0","36","17","5","36","17","1.41","8.58","4.17","4.59","477.2","16943"
"Tyler Alexander","Tigers","1","2","0","4.86","2","15","26.0","30","14","5","22","5","1.33","7.42","1.78","4.59","600.6","17735"
"Justin Shafer","","0","0","0","4.61","0","6","7.0","7","4","1","7","4","1.54","8.19","4.98","4.59","999.0","16132"
"Tyler Clippard","Twins","1","1","1","4.47","0","19","19.0","18","10","4","21","7","1.28","9.65","3.15","4.60","600.1","5640"
"Jordan Yamamoto","Marlins","2","3","0","4.66","7","7","40.0","38","21","6","37","17","1.37","8.30","3.75","4.60","571.9","17585"
"Yoan Lopez","Diamondbacks","1","1","0","4.25","0","20","19.0","18","9","3","16","7","1.31","7.58","3.18","4.60","590.3","17181"
"Michael Shawaryn","","0","0","0","5.00","0","5","7.0","8","4","1","7","3","1.51","8.51","4.06","4.60","999.0","19495"
"T.J. Zeuch","Blue Jays","0","0","0","4.53","0","6","8.0","8","4","1","5","3","1.47","5.27","3.90","4.61","999.0","19269"
"Casey Mize","Tigers","1","1","0","4.70","3","3","17.0","18","9","3","13","5","1.32","7.17","2.42","4.61","480.3","20492"
"Anthony Misiewicz","Mariners","1","1","0","4.38","0","8","9.0","9","4","2","8","3","1.35","8.13","2.63","4.61","999.0","18152"
"Touki Toussaint","Braves","0","1","0","4.90","1","4","10.0","9","5","1","10","5","1.44","8.92","4.63","4.61","599.6","16929"
"Kyle Hart","Red Sox","1","1","0","4.50","1","7","13.0","13","6","2","11","5","1.42","7.45","3.36","4.62","999.0","19646"
"Shawn Armstrong","Orioles","1","1","1","4.65","0","18","19.0","18","10","3","20","9","1.40","9.36","4.10","4.62","999.0","12857"
"Jesse Hahn","Royals","1","1","0","5.45","1","14","20.0","21","12","2","18","9","1.51","8.20","4.04","4.62","999.0","13287"
"Ronald Bolanos","Royals","1","1","0","5.09","1","3","9.0","9","5","1","7","4","1.47","7.42","4.14","4.62","999.0","20041"
"Trent Thornton","Blue Jays","2","3","0","4.85","7","14","45.0","47","24","8","41","15","1.36","8.19","2.89","4.62","591.7","17948"
"Dylan Bundy","Angels","4","4","0","4.44","11","11","63.0","61","31","11","64","21","1.29","9.14","2.94","4.62","212.7","12917"
"Ryan Weber","Red Sox","2","2","0","4.83","6","7","35.0","40","19","5","23","10","1.45","5.95","2.55","4.63","599.3","10160"
"Joe Biagini","Astros","1","1","0","4.74","0","16","16.0","17","8","2","14","6","1.40","7.69","3.31","4.63","999.0","13194"
"J.A. Happ","Yankees","4","3","0","4.59","10","10","58.0","58","30","10","54","19","1.31","8.33","2.87","4.63","335.0","7410"
"Jonathan Brubaker","Pirates","0","1","0","4.32","1","3","7.0","7","3","1","6","2","1.40","7.56","3.23","4.64","999.0","17578"
"Tony Gonsolin","Dodgers","2","1","0","4.17","3","10","25.0","24","12","4","24","10","1.36","8.66","3.58","4.64","555.4","19388"
"Hector Velazquez","Astros","1","1","0","4.94","2","13","18.0","20","10","3","14","7","1.52","7.12","3.62","4.64","999.0","19341"
"Kolby Allard","Rangers","1","1","0","4.70","3","6","20.0","21","10","3","15","7","1.45","7.04","3.35","4.65","600.7","18694"
"Justus Sheffield","Mariners","2","3","0","4.51","9","9","49.0","49","25","7","44","23","1.45","7.98","4.12","4.65","470.0","17285"
"Austin Brice","Red Sox","1","0","0","4.49","0","10","11.0","11","5","2","10","4","1.34","8.45","3.05","4.65","999.0","17237"
"Jacob Waguespack","Blue Jays","1","1","0","4.33","1","11","17.0","17","8","3","15","6","1.39","7.77","3.34","4.65","999.0","18318"
"Chad Kuhl","Pirates","2","2","0","4.73","5","10","32.0","33","17","5","29","13","1.44","8.22","3.62","4.65","596.7","14975"
"Jakob Junis","Royals","3","3","0","4.81","9","9","51.0","53","27","9","46","15","1.32","8.00","2.58","4.65","581.1","13619"
"Dylan Covey","Red Sox","0","1","0","5.31","1","3","7.0","8","4","1","5","3","1.49","6.67","3.51","4.65","999.0","14825"
"Erik Swanson","Mariners","1","1","0","4.69","2","21","28.0","27","15","5","27","8","1.25","8.66","2.49","4.66","999.0","16587"
"Martin Perez","Red Sox","3","4","0","4.68","11","11","61.0","68","32","8","48","22","1.47","7.03","3.26","4.66","571.5","6902"
"Matt Hall","Red Sox","2","1","0","5.07","3","7","22.0","23","12","4","21","9","1.49","8.89","3.76","4.66","999.0","18076"
"Joseph Palumbo","Rangers","0","0","0","4.55","1","5","9.0","8","4","2","10","4","1.45","10.32","4.28","4.67","600.5","17035"
"Andrew Suarez","Giants","1","2","0","4.81","3","8","22.0","26","12","3","15","8","1.52","6.20","3.37","4.67","999.0","18300"
"Sandy Alcantara","Marlins","3","4","0","4.48","11","11","64.0","63","32","9","49","26","1.39","6.94","3.66","4.67","277.7","18684"
"Shun Yamaguchi","Blue Jays","1","1","0","4.39","2","15","23.0","22","11","4","22","10","1.38","8.70","3.78","4.67","598.3","27460"
"Tony Sipp","","0","0","0","4.83","0","7","6.0","6","3","1","6","3","1.40","9.24","3.72","4.67","999.0","8280"
"Zach Plesac","Indians","3","3","0","4.45","9","9","47.0","47","23","8","38","15","1.33","7.41","2.87","4.67","470.3","19979"
"Caleb Smith","Diamondbacks","3","4","0","4.62","10","10","59.0","54","30","10","60","23","1.31","9.24","3.51","4.67","245.5","14875"
"Cy Sneed","Astros","0","0","0","4.98","0","7","9.0","9","5","2","8","3","1.34","8.24","2.90","4.67","999.0","16106"
"Daniel Norris","Tigers","2","3","0","4.81","8","8","44.0","46","23","7","39","15","1.39","8.02","3.02","4.68","596.4","13475"
"Jordan Romano","Blue Jays","1","1","0","5.03","0","16","16.0","16","9","3","18","6","1.39","9.79","3.57","4.68","600.1","16122"
"Eric Lauer","Brewers","2","2","0","4.73","7","10","42.0","43","22","7","37","15","1.40","8.07","3.21","4.69","590.8","19316"
"Mike Foltynewicz","Braves","4","4","0","4.52","11","11","59.0","59","30","9","54","21","1.34","8.14","3.16","4.69","217.5","10811"
"Jon Lester","Cubs","4","4","0","4.78","11","11","62.0","67","33","10","53","21","1.44","7.80","3.12","4.69","524.8","4930"
"Genesis Cabrera","Cardinals","0","1","0","4.41","0","8","9.0","9","4","1","9","4","1.38","8.59","3.73","4.70","999.0","17490"
"Jandel Gustave","","0","0","0","4.71","0","9","8.0","8","4","1","6","3","1.46","6.85","3.66","4.70","999.0","14665"
"Mike Mayers","Angels","0","1","0","4.68","0","13","13.0","13","7","2","13","5","1.37","8.48","3.28","4.70","999.0","15451"
"Forrest Whitley","Astros","1","1","0","4.84","3","3","19.0","17","10","3","20","9","1.41","9.60","4.33","4.71","999.0","sa917930"
"Tyler Chatwood","Cubs","3","3","0","4.73","8","12","51.0","49","27","5","46","30","1.55","8.10","5.33","4.71","559.1","4338"
"Alex Young","Diamondbacks","2","2","0","4.49","4","12","27.0","28","14","4","22","10","1.40","7.37","3.23","4.71","597.2","18333"
"Drew Smyly","Giants","2","3","0","4.90","8","9","46.0","45","25","8","44","17","1.37","8.73","3.45","4.71","559.5","11760"
"Austin Voth","Nationals","2","2","0","4.58","7","9","42.0","43","21","7","37","14","1.35","7.93","3.01","4.71","372.0","15047"
"Matt Albers","","0","0","0","5.00","0","11","11.0","11","6","2","10","4","1.48","8.15","3.72","4.72","999.0","4300"
"Ryan Borucki","Blue Jays","2","2","0","4.83","4","6","27.0","28","15","4","22","10","1.42","7.20","3.34","4.72","599.8","16350"
"Wandy Peralta","Giants","1","1","0","4.40","0","14","13.0","13","6","2","10","6","1.47","6.66","4.10","4.73","999.0","14295"
"Carlos Rodon","White Sox","2","2","0","4.65","5","10","31.0","29","16","5","31","13","1.39","9.09","3.94","4.73","579.3","16137"
"Elvis Luciano","Blue Jays","0","0","0","5.15","0","7","9.0","10","5","1","7","4","1.48","6.90","4.19","4.73","999.0","20632"
"Austin Pruitt","Astros","1","1","0","4.67","2","13","26.0","27","13","4","21","6","1.31","7.35","2.24","4.73","595.0","15290"
"Merrill Kelly","Diamondbacks","3","4","0","4.92","9","12","55.0","59","30","9","47","19","1.43","7.69","3.20","4.74","552.9","11156"
"Nik Turley","Pirates","0","0","0","4.18","0","6","6.0","6","3","1","6","3","1.40","9.27","4.14","4.74","999.0","5530"
"Carl Edwards Jr.","Mariners","1","1","1","4.46","0","16","16.0","13","8","2","18","8","1.35","9.92","4.63","4.74","599.8","13607"
"Bryan Garcia","Tigers","1","1","0","5.27","0","18","18.0","18","11","3","17","8","1.45","8.66","4.16","4.74","999.0","19457"
"Conner Menez","Giants","0","0","0","4.51","1","7","10.0","9","5","2","11","5","1.40","9.49","4.35","4.74","999.0","19199"
"Cole Irvin","Phillies","0","0","0","5.15","1","5","8.0","9","5","1","6","2","1.40","6.75","2.23","4.75","999.0","19244"
"Reynaldo Lopez","White Sox","3","4","0","4.61","10","11","61.0","60","31","11","55","22","1.34","8.16","3.18","4.75","342.2","16400"
"Kyle McGowin","Nationals","0","0","0","5.25","0","4","6.0","6","3","1","6","2","1.29","9.23","2.85","4.76","999.0","15071"
"Javy Guerra","Nationals","0","0","0","4.85","0","11","12.0","13","7","2","9","4","1.43","7.00","3.16","4.76","999.0","7407"
"Blake Parker","Phillies","0","0","0","4.79","0","13","13.0","13","7","3","13","4","1.31","9.21","3.07","4.76","589.0","5224"
"Jorge Lopez","Orioles","2","3","0","5.10","6","12","40.0","43","22","6","33","15","1.45","7.42","3.34","4.77","597.3","14527"
"Jake Faria","Brewers","0","0","0","4.66","0","5","6.0","6","3","1","6","3","1.47","8.96","4.38","4.77","999.0","13699"
"Danny Duffy","Royals","3","4","0","4.71","10","10","58.0","59","31","9","51","22","1.39","7.89","3.35","4.77","561.2","3542"
"Trevor Williams","Pirates","3","4","0","4.97","11","11","61.0","65","33","9","46","19","1.39","6.78","2.89","4.77","591.0","16977"
"Demarcus Evans","Rangers","0","0","0","4.45","0","7","7.0","6","3","1","9","5","1.60","11.23","6.36","4.77","589.8","sa875783"
"Taylor Hearn","Rangers","0","0","0","5.38","1","6","7.0","7","4","1","7","4","1.60","9.10","5.01","4.78","999.0","18325"
"Dan Winkler","Cubs","0","1","0","4.89","0","12","11.0","10","6","1","10","6","1.53","8.65","5.15","4.78","999.0","12237"
"Sean Reid-Foley","Blue Jays","0","1","0","5.00","1","9","14.0","13","8","2","14","7","1.50","9.22","4.93","4.78","999.0","17034"
"Dovydas Neverauskas","Pirates","0","0","0","5.17","0","8","7.0","7","4","1","8","3","1.44","9.31","4.17","4.78","999.0","11604"
"Jose Urena","Marlins","2","3","2","4.48","7","10","44.0","46","22","6","35","14","1.35","7.10","2.83","4.78","593.4","11589"
"Dereck Rodriguez","Tigers","1","2","0","4.79","3","12","29.0","30","15","4","22","10","1.40","6.74","3.16","4.78","999.0","14509"
"Tanner Roark","Blue Jays","3","4","0","4.91","11","11","60.0","63","33","10","52","19","1.37","7.77","2.83","4.79","572.6","8753"
"Zack Godley","Red Sox","1","1","0","5.02","1","5","15.0","15","8","2","13","6","1.47","7.69","3.91","4.79","599.2","14862"
"Wade Miley","Reds","3","3","0","4.55","9","9","50.0","52","25","7","40","20","1.46","7.21","3.63","4.79","548.8","8779"
"Luke Bard","Angels","0","0","0","4.45","0","6","7.0","7","3","1","7","3","1.41","9.24","3.62","4.79","999.0","14288"
"Greg Holland","Royals","1","1","1","4.85","0","19","18.0","17","10","2","18","10","1.53","8.93","5.15","4.80","599.7","7196"
"Michael Wacha","Mets","3","3","0","4.72","9","10","52.0","54","27","8","43","21","1.45","7.49","3.65","4.80","582.2","14078"
"Luis Cessa","Yankees","1","1","0","4.74","0","13","16.0","16","8","3","15","5","1.33","8.27","3.09","4.80","600.8","13345"
"Vince Velasquez","Phillies","3","3","0","4.88","8","12","46.0","45","25","8","47","18","1.37","9.26","3.46","4.81","518.2","11189"
"Jimmie Sherfy","","0","0","0","4.66","0","6","6.0","5","3","1","6","3","1.29","9.54","4.13","4.81","999.0","15118"
"Elieser Hernandez","Marlins","2","3","0","4.71","7","12","41.0","39","21","8","39","14","1.31","8.56","3.09","4.81","581.2","16933"
"Anthony Swarzak","","0","1","0","5.11","0","14","14.0","14","8","3","14","5","1.39","9.08","3.27","4.81","999.0","7466"
"Dillon Tate","Orioles","0","0","0","4.70","0","9","10.0","10","5","2","8","3","1.36","7.32","3.05","4.82","999.0","17796"
"Bryan Shaw","Mariners","1","1","0","5.26","0","20","19.0","20","11","3","17","8","1.46","7.89","3.71","4.82","999.0","8110"
"Yohander Mendez","","0","0","0","4.56","0","5","7.0","7","3","1","7","3","1.48","9.07","4.21","4.82","999.0","14391"
"Yusei Kikuchi","Mariners","3","4","0","4.79","10","11","58.0","61","31","10","45","19","1.37","6.98","2.89","4.82","503.0","20633"
"Reggie McClain","Phillies","0","1","0","4.38","0","7","8.0","9","4","1","6","3","1.43","6.87","3.47","4.83","999.0","19311"
"Ryan Buchter","Yankees","1","1","0","4.06","0","13","11.0","10","5","2","12","5","1.33","9.61","3.77","4.83","600.1","9456"
"Anthony Kay","Blue Jays","1","1","0","4.90","2","7","18.0","18","10","3","16","8","1.45","8.03","3.98","4.84","600.8","20387"
"Justin Dunn","Mariners","2","2","0","4.62","6","7","32.0","32","16","5","30","14","1.43","8.34","3.93","4.84","593.8","19268"
"James Norwood","Cubs","0","0","0","4.54","0","6","6.0","5","3","1","6","3","1.36","9.66","4.80","4.84","999.0","16440"
"Lucas Sims","Reds","1","1","0","4.65","1","18","24.0","21","13","4","29","12","1.35","10.66","4.30","4.85","600.9","13470"
"Jake Arrieta","Phillies","3","3","0","4.72","9","9","49.0","51","26","7","39","18","1.41","7.18","3.24","4.85","541.1","4153"
"Gio Gonzalez","White Sox","3","3","0","4.52","9","11","53.0","52","26","8","46","23","1.42","7.81","3.89","4.85","569.9","7448"
"Paul Blackburn","Athletics","0","0","0","4.94","1","4","8.0","9","5","1","6","2","1.40","5.92","2.50","4.85","999.0","14739"
"Jason Adam","Cubs","0","0","0","4.57","0","6","6.0","5","3","1","6","3","1.28","9.23","4.26","4.86","999.0","11861"
"A.J. Cole","Blue Jays","0","0","0","5.18","0","8","9.0","9","5","2","10","4","1.41","10.18","3.68","4.86","999.0","11467"
"Paul Sewald","Mets","0","0","0","5.21","0","7","7.0","8","4","1","7","2","1.37","8.49","2.83","4.86","999.0","13892"
"Jonathan Hernandez","Rangers","1","1","0","4.69","0","13","15.0","16","8","2","15","8","1.51","8.60","4.48","4.86","598.6","17464"
"Randy Rosario","Royals","0","1","0","4.41","0","10","11.0","12","5","1","8","4","1.52","6.68","3.58","4.86","999.0","14508"
"Homer Bailey","Twins","3","3","0","4.86","9","9","51.0","55","27","9","43","17","1.42","7.60","3.04","4.86","514.7","8362"
"Zach Eflin","Phillies","3","4","0","4.64","9","10","53.0","57","27","9","41","15","1.36","7.05","2.56","4.87","558.1","13774"
"Nestor Cortes","Mariners","0","0","0","4.96","0","9","13.0","13","7","2","13","5","1.37","8.72","3.32","4.87","999.0","17874"
"Steven Brault","Pirates","2","3","0","4.83","8","12","48.0","49","26","6","40","24","1.52","7.48","4.45","4.88","600.6","15291"
"Mike Montgomery","Royals","2","3","0","4.74","10","10","52.0","57","27","7","38","20","1.47","6.54","3.40","4.89","600.9","4869"
"Jeanmar Gomez","","0","0","0","5.15","0","6","6.0","7","4","1","5","3","1.53","7.40","3.54","4.89","999.0","9033"
"Miguel Castro","Mets","1","1","0","4.59","0","22","24.0","23","12","3","21","12","1.46","7.96","4.65","4.89","999.0","15684"
"Josh Staumont","Royals","0","1","0","4.34","0","13","14.0","12","7","2","15","10","1.59","9.60","6.36","4.89","600.6","18335"
"Jordan Montgomery","Yankees","3","3","0","4.41","8","11","48.0","48","24","8","45","16","1.35","8.45","3.08","4.90","293.3","16511"
"Matt Shoemaker","Blue Jays","3","3","0","4.49","9","9","48.0","48","24","8","44","15","1.32","8.19","2.90","4.91","405.6","4776"
"Gregory Soto","Tigers","0","1","0","4.95","0","14","17.0","17","9","2","15","9","1.51","7.80","4.59","4.91","999.0","19677"
"Burch Smith","Athletics","0","0","0","4.97","0","7","8.0","8","5","1","8","4","1.41","8.58","4.46","4.92","999.0","12784"
"Anibal Sanchez","Nationals","4","4","0","4.62","11","11","60.0","63","31","10","50","20","1.39","7.58","3.08","4.92","394.8","3284"
"Jerry Blevins","","1","0","0","4.77","0","14","13.0","12","7","2","13","6","1.40","9.29","3.99","4.93","999.0","7841"
"Jordan Lyles","Rangers","3","4","0","4.85","9","10","50.0","51","27","9","45","19","1.42","8.18","3.48","4.93","555.0","7593"
"Anthony Banda","Giants","0","1","0","4.56","0","7","9.0","9","5","1","8","4","1.36","8.28","3.56","4.94","999.0","14706"
"Tyler Lyons","Yankees","0","0","0","4.48","0","6","6.0","6","3","1","7","2","1.38","9.44","3.45","4.95","999.0","11334"
"Jeff Samardzija","Giants","3","5","0","4.62","11","11","63.0","64","32","11","48","19","1.33","6.84","2.78","4.95","404.1","3254"
"Huascar Ynoa","Braves","0","1","0","5.26","0","5","7.0","7","4","1","6","3","1.57","8.34","4.23","4.95","999.0","20468"
"Brett Cecil","","0","0","0","5.17","0","8","7.0","8","4","1","6","3","1.52","7.32","3.84","4.95","599.8","2660"
"Robert Dugger","Marlins","1","1","0","4.96","2","7","16.0","17","9","3","13","6","1.42","7.12","3.23","4.96","999.0","19191"
"Jose Quijada","Angels","1","1","0","4.94","0","9","9.0","8","5","2","10","4","1.44","10.81","4.72","4.96","999.0","19200"
"Erick Fedde","Nationals","1","2","0","4.90","4","8","28.0","32","15","4","19","11","1.51","6.28","3.40","4.96","600.0","17425"
"Tyler Bashlor","Pirates","0","0","0","5.05","0","6","6.0","5","3","1","5","3","1.36","7.97","4.17","4.96","999.0","15203"
"Jarlin Garcia","Giants","1","1","0","4.43","0","15","17.0","17","8","3","12","6","1.35","6.75","3.12","4.96","600.2","18282"
"Wade Davis","Rockies","1","1","6","5.48","0","22","22.0","21","13","3","22","11","1.48","8.93","4.57","4.97","267.9","7441"
"Zach Davies","Padres","3","3","0","4.68","10","10","52.0","57","27","7","33","17","1.43","5.83","3.03","4.97","546.9","13183"
"Andrew Cashner","","2","2","0","4.91","3","18","31.0","33","17","5","23","12","1.45","6.72","3.48","4.97","999.0","8782"
"Taylor Clarke","Diamondbacks","1","1","0","5.12","2","9","20.0","21","11","3","16","7","1.41","7.22","3.24","4.97","999.0","17611"
"Francisco Liriano","","1","1","0","4.45","0","13","15.0","14","8","2","14","9","1.48","8.45","5.05","4.99","999.0","3201"
"David McKay","Tigers","0","1","0","4.98","0","14","14.0","13","8","2","17","9","1.52","10.65","5.58","4.99","999.0","19814"
"Jose Suarez","Angels","0","0","0","5.03","2","3","11.0","11","6","2","11","5","1.45","8.47","3.86","4.99","999.0","19911"
"Luke Farrell","Rangers","0","1","0","4.86","0","9","12.0","12","7","2","12","6","1.48","9.07","4.51","5.00","999.0","15101"
"Aaron Barrett","","1","0","0","4.99","0","12","10.0","11","6","2","9","4","1.44","7.80","3.82","5.00","999.0","11243"
"Thomas Pannone","Blue Jays","1","0","0","4.92","0","9","12.0","11","6","2","11","4","1.37","8.82","3.42","5.00","999.0","17281"
"John Means","Orioles","3","5","0","4.88","10","10","60.0","64","33","12","46","16","1.34","6.95","2.40","5.01","449.7","16269"
"Glenn Sparkman","Royals","1","1","0","5.52","3","11","24.0","29","15","4","15","7","1.47","5.78","2.49","5.02","600.9","15200"
"Daniel Mengden","Athletics","1","1","0","4.86","2","7","21.0","22","11","4","15","7","1.38","6.39","2.92","5.02","600.5","16980"
"Jacob Webb","Braves","0","0","0","4.13","0","10","9.0","9","4","2","8","4","1.33","7.99","3.79","5.02","999.0","19274"
"Jose Ruiz","White Sox","0","0","0","4.98","0","7","7.0","7","4","1","6","3","1.52","8.26","4.56","5.02","999.0","14552"
"Adam Conley","","1","2","0","4.86","0","18","19.0","20","10","3","17","8","1.45","7.83","3.70","5.02","999.0","14457"
"Cionel Perez","Astros","0","0","0","4.97","0","4","6.0","6","3","1","6","3","1.50","9.48","4.26","5.03","999.0","19614"
"Arodys Vizcaino","","0","0","1","4.42","0","9","9.0","8","4","2","10","4","1.38","10.17","3.89","5.03","599.0","5498"
"Dario Agrazal","Tigers","0","1","0","5.08","0","4","9.0","10","5","2","5","2","1.30","5.21","1.69","5.03","999.0","15821"
"Johnny Cueto","Giants","3","4","0","4.44","10","10","55.0","56","27","8","44","19","1.37","7.13","3.11","5.03","330.8","6893"
"Kyle Zimmer","Royals","0","0","0","5.14","0","8","9.0","10","5","1","8","5","1.59","8.11","5.07","5.04","999.0","14169"
"Jake Newberry","Royals","0","0","0","4.81","0","6","6.0","6","3","1","5","3","1.50","7.99","4.10","5.04","999.0","15136"
"Nick Neidert","Marlins","1","1","0","4.96","3","4","15.0","16","8","3","12","6","1.47","7.13","3.58","5.04","999.0","18699"
"Adbert Alzolay","Cubs","0","1","0","5.16","2","5","12.0","13","7","2","12","6","1.50","9.03","4.35","5.04","600.9","17859"
"Kendall Graveman","Mariners","2","3","0","5.10","7","7","42.0","49","24","7","30","14","1.50","6.40","2.95","5.04","600.4","15514"
"Nick Margevicius","Mariners","0","1","0","4.74","2","3","11.0","12","6","2","8","3","1.42","6.38","2.53","5.05","999.0","20395"
"Rony Garcia","Tigers","0","1","0","5.07","0","14","15.0","16","9","3","13","6","1.44","7.77","3.32","5.05","999.0","20430"
"Cory Gearrin","Twins","0","0","0","4.87","0","10","10.0","10","5","1","8","4","1.40","7.35","3.74","5.05","999.0","7947"
"Ryan Tepera","Cubs","1","1","0","4.46","0","17","17.0","16","8","3","16","7","1.35","8.24","3.51","5.05","999.0","10291"
"Enyel De Los Santos","Phillies","0","1","0","5.35","1","5","11.0","11","7","2","10","5","1.42","7.73","3.66","5.06","999.0","18403"
"Yennsy Diaz","Blue Jays","0","0","0","4.94","0","5","5.0","5","3","1","4","3","1.57","7.22","4.68","5.06","999.0","20218"
"Josh A. Smith","Marlins","0","0","0","5.63","0","9","10.0","12","6","2","8","4","1.62","7.57","3.58","5.06","999.0","10946"
"Jharel Cotton","","0","0","0","5.20","1","7","10.0","10","6","2","9","4","1.46","8.48","3.34","5.07","600.8","13654"
"Brad Boxberger","Marlins","1","1","1","4.90","0","16","17.0","16","9","3","17","9","1.52","9.19","5.00","5.07","599.2","10133"
"Phillip Diehl","Rockies","0","0","0","5.44","0","6","6.0","6","3","1","5","2","1.45","8.34","3.64","5.09","999.0","20030"
"Logan Allen","Indians","2","2","0","4.87","5","9","30.0","31","16","5","26","12","1.44","7.65","3.64","5.09","598.5","18555"
"Kyle Freeland","Rockies","3","4","0","5.10","10","10","55.0","61","31","9","41","21","1.48","6.75","3.38","5.10","589.3","16256"
"Chi Chi Gonzalez","Rockies","1","2","0","5.52","3","8","23.0","25","14","3","16","10","1.56","6.45","4.09","5.11","999.0","14663"
"Stephen Woods Jr.","","0","0","0","4.85","0","6","6.0","6","3","1","5","3","1.58","7.66","4.78","5.11","999.0","sa737853"
"Ivan Nova","Tigers","2","3","0","5.08","9","12","49.0","58","27","9","31","12","1.43","5.75","2.19","5.12","597.1","1994"
"Jordan Zimmermann","Tigers","0","2","0","5.41","4","4","21.0","24","13","4","16","5","1.38","6.55","2.13","5.13","600.3","4505"
"Tyler Kinley","Rockies","1","1","0","5.12","0","16","15.0","15","9","2","15","9","1.58","8.50","5.24","5.14","999.0","18297"
"Ariel Jurado","Mets","0","0","0","5.45","1","4","8.0","10","5","2","5","2","1.42","5.40","2.09","5.15","999.0","17030"
"Jhoulys Chacin","Braves","1","1","0","4.64","4","12","25.0","25","13","4","21","10","1.37","7.66","3.46","5.15","599.1","2608"
"Chance Adams","Royals","0","0","0","5.46","0","9","14.0","14","8","2","11","6","1.46","7.54","4.21","5.16","999.0","18135"
"Corey Oswalt","Mets","1","0","0","5.37","2","4","11.0","14","7","2","10","3","1.50","7.57","2.64","5.17","999.0","13677"
"Yacksel Rios","Pirates","0","0","0","5.68","0","5","6.0","6","4","1","5","3","1.69","7.79","4.99","5.17","999.0","15007"
"Taijuan Walker","Blue Jays","2","3","0","4.70","9","9","45.0","46","23","8","40","16","1.39","7.94","3.25","5.17","547.4","11836"
"Alex Cobb","Orioles","2","4","0","5.17","10","10","54.0","61","31","10","37","16","1.42","6.23","2.60","5.17","595.9","6562"
"Walker Lockett","Mariners","1","1","0","5.65","1","5","10.0","11","6","2","7","3","1.40","6.61","2.40","5.17","999.0","13804"
"Aaron Brooks","","1","1","0","5.18","2","4","13.0","15","7","2","8","4","1.45","6.00","2.70","5.19","999.0","12272"
"Jaime Barria","Angels","1","1","0","5.12","3","5","17.0","18","10","3","14","5","1.38","7.53","2.88","5.19","601.0","18356"
"Shawn Kelley","","0","0","0","5.09","0","10","10.0","10","6","2","10","3","1.31","8.84","2.64","5.20","600.1","7773"
"Jacob Barnes","Angels","0","1","0","5.17","0","9","8.0","8","5","1","8","4","1.44","8.70","3.92","5.20","999.0","12323"
"Mike Fiers","Athletics","4","3","0","4.63","11","11","62.0","64","32","11","46","18","1.34","6.78","2.69","5.20","429.3","7754"
"Tayron Guerrero","White Sox","0","0","0","5.41","0","8","8.0","8","5","1","8","5","1.59","9.21","5.46","5.20","999.0","11691"
"Ashton Goudeau","Rockies","0","0","0","5.23","1","4","7.0","8","4","1","6","3","1.46","7.44","3.30","5.20","999.0","15139"
"Nick Goody","Rangers","1","1","0","4.67","0","19","20.0","18","10","4","22","9","1.39","10.25","4.19","5.21","999.0","13685"
"Jefry Rodriguez","Indians","1","1","0","5.27","2","5","14.0","15","8","2","11","7","1.55","6.90","4.42","5.21","600.7","17018"
"Gabriel Ynoa","","0","1","0","5.52","2","3","12.0","15","8","2","7","3","1.47","5.45","2.30","5.21","999.0","12938"
"James Pazos","Rockies","1","1","0","5.00","0","16","15.0","16","8","2","12","7","1.59","7.53","4.45","5.21","999.0","13323"
"Yency Almonte","Rockies","1","1","0","5.47","0","14","15.0","16","9","2","13","9","1.63","7.75","5.15","5.21","999.0","15068"
"Julio Teheran","Angels","3","3","0","4.66","9","9","52.0","50","27","10","47","23","1.39","8.11","3.95","5.22","501.2","6797"
"Derek Holland","Pirates","2","3","0","5.27","6","13","42.0","43","24","7","37","19","1.48","8.00","4.01","5.22","999.0","4141"
"Antonio Senzatela","Rockies","3","4","0","5.55","10","10","51.0","60","31","8","32","20","1.57","5.65","3.50","5.22","600.4","15488"
"Adam Plutko","Indians","2","2","0","5.17","4","14","32.0","34","18","7","25","9","1.35","7.04","2.55","5.23","598.1","15846"
"Cody Allen","","0","0","0","4.68","0","10","10.0","9","5","2","10","4","1.45","9.45","4.23","5.26","597.3","12183"
"Jake McGee","Dodgers","0","1","0","5.32","0","18","16.0","18","10","4","15","5","1.40","8.24","2.67","5.27","999.0","7550"
"Cody Anderson","","0","0","0","4.84","0","7","8.0","8","4","2","7","3","1.47","8.06","3.65","5.28","999.0","12799"
"Dean Kremer","Orioles","1","2","0","5.26","4","4","23.0","25","14","4","20","9","1.48","7.67","3.62","5.28","999.0","19350"
"Clay Buchholz","","1","1","0","5.37","3","3","15.0","17","9","3","11","5","1.43","6.39","2.81","5.29","999.0","3543"
"Matt Harvey","Royals","0","0","0","5.33","1","1","8.0","9","5","1","6","3","1.44","6.88","2.99","5.29","999.0","11713"
"Dillon Peters","Angels","0","0","0","5.56","1","4","9.0","10","6","2","7","4","1.45","6.93","3.44","5.30","999.0","18790"
"Chase Anderson","Blue Jays","2","3","0","4.72","7","9","40.0","39","21","8","34","14","1.34","7.75","3.22","5.30","586.9","6895"
"Danny Salazar","","1","2","0","5.26","3","8","21.0","23","13","4","20","10","1.50","8.48","4.04","5.30","600.4","5867"
"Kohl Stewart","Orioles","1","2","0","5.36","5","7","29.0","33","17","5","20","13","1.57","6.07","4.10","5.32","999.0","15502"
"Brian Johnson","","2","2","0","5.37","6","6","31.0","36","19","6","25","14","1.61","7.29","4.19","5.33","999.0","14272"
"Travis Lakins","Orioles","0","0","0","5.70","0","8","8.0","9","5","2","7","4","1.50","7.78","3.99","5.35","999.0","18600"
"Sal Romano","Reds","0","0","0","4.83","0","5","6.0","6","3","1","5","2","1.40","7.72","2.96","5.35","999.0","13690"
"Tanner Houck","Red Sox","1","1","0","5.30","2","2","10.0","11","6","2","8","5","1.57","7.21","4.36","5.35","999.0","sa829037"
"Yohan Ramirez","Mariners","0","0","0","4.56","0","7","7.0","6","4","1","8","5","1.48","9.64","5.66","5.35","999.0","19444"
"Cody Carroll","Orioles","0","0","0","5.69","0","5","5.0","5","3","1","5","3","1.56","9.20","5.02","5.35","999.0","17664"
"Rico Garcia","Giants","0","1","0","5.57","1","6","8.0","8","5","1","6","4","1.47","6.91","4.16","5.36","999.0","20023"
"Peter Lambert","Rockies","1","1","0","5.77","4","5","23.0","28","15","4","15","8","1.53","5.71","2.99","5.37","999.0","17969"
"Wily Peralta","","0","0","0","5.13","0","10","10.0","11","6","2","8","5","1.57","7.54","4.35","5.39","999.0","7738"
"Hunter Strickland","Mets","0","0","0","5.04","0","8","8.0","8","4","2","7","3","1.39","7.79","3.61","5.39","579.1","7836"
"Josh Tomlin","Braves","1","1","0","4.89","0","14","16.0","18","9","4","11","2","1.30","6.06","1.30","5.42","599.0","9388"
"Clayton Richard","White Sox","1","1","0","5.02","2","2","17.0","19","9","3","11","6","1.53","5.95","3.46","5.44","999.0","3551"
"Edinson Volquez","Rangers","1","1","0","4.79","1","9","11.0","12","6","2","9","5","1.54","7.31","4.11","5.44","999.0","3990"
"Branden Kline","Orioles","0","0","0","4.99","0","7","7.0","8","4","1","7","4","1.65","8.15","5.05","5.47","999.0","14101"
"Jesus Tinoco","Rockies","0","0","0","5.23","0","6","7.0","7","4","1","4","3","1.57","6.01","4.50","5.48","999.0","16300"
"Colin Rea","Cubs","0","0","0","5.29","1","3","6.0","7","4","1","5","3","1.58","6.84","4.24","5.48","999.0","12317"
"Jeff Hoffman","Rockies","2","3","0","5.75","7","10","37.0","40","24","7","32","16","1.51","7.88","3.86","5.51","999.0","17432"
"Ubaldo Jimenez","","0","0","0","5.70","1","1","5.0","6","3","1","4","3","1.69","7.88","4.49","5.51","999.0","3374"
"Heath Fillmyer","","0","0","0","5.80","1","2","7.0","8","5","1","5","4","1.61","6.52","4.49","5.51","999.0","17466"
"Jason Vargas","","1","1","0","5.49","4","5","21.0","23","13","4","17","8","1.47","6.99","3.44","5.55","999.0","8044"
"Carson Fulmer","Orioles","1","1","0","5.63","1","10","14.0","15","9","3","14","9","1.63","8.84","5.49","5.56","999.0","18311"
"J. D. Hammer","Phillies","0","0","0","5.14","0","5","5.0","5","3","1","4","2","1.44","7.92","4.11","5.58","999.0","19548"
"Tommy Milone","Braves","1","2","0","5.43","5","7","29.0","33","18","7","23","8","1.40","6.94","2.39","5.63","600.8","7608"
"Justin Grimm","","0","0","0","6.23","0","8","6.0","6","4","1","6","3","1.49","9.61","4.51","5.67","999.0","11720"
"Jerad Eickhoff","Rangers","0","0","0","5.36","0","3","5.0","5","3","1","5","2","1.40","7.76","3.46","5.67","999.0","12664"
"Wade LeBlanc","Orioles","2","3","0","5.46","8","9","46.0","53","28","11","33","13","1.44","6.39","2.60","5.67","999.0","5221"
"Jon Edwards","","0","0","0","4.42","0","5","5.0","5","3","1","5","3","1.64","7.99","5.73","5.67","999.0","1483"
"Ross Detwiler","White Sox","0","1","0","5.62","0","4","8.0","9","5","2","6","3","1.50","6.10","3.35","5.70","999.0","2859"
"David Hess","Orioles","0","1","0","5.37","2","8","15.0","16","9","3","13","6","1.46","7.79","3.63","5.70","999.0","16130"
"Shelby Miller","Brewers","0","1","0","6.52","1","4","8.0","9","6","2","7","4","1.56","7.38","4.27","5.71","999.0","10197"
"Keegan Akin","Orioles","1","1","0","5.60","3","3","17.0","17","10","3","15","8","1.52","8.03","4.52","5.74","999.0","19362"
"Hector Santiago","","0","0","0","4.94","0","5","7.0","7","4","1","6","3","1.52","8.44","4.23","5.75","999.0","4026"
"Marco Estrada","","1","2","0","5.84","4","4","21.0","23","14","4","16","8","1.47","6.60","3.40","5.78","999.0","1118"
"Asher Wojciechowski","Orioles","2","4","0","5.31","9","10","50.0","53","30","12","45","19","1.41","7.98","3.33","5.90","593.6","10836"
"Gerson Bautista","Mariners","0","0","0","5.40","0","6","5.0","5","3","1","6","4","1.63","9.34","5.97","5.93","999.0","19256"
"Zac Rosscup","Rockies","0","1","0","5.77","0","6","6.0","6","4","1","6","6","2.04","9.59","9.39","5.98","999.0","9419"
"Ervin Santana","","1","1","0","5.78","3","3","19.0","21","12","4","12","7","1.47","5.61","3.17","5.99","999.0","3200"
